\c contrib_regression_utf8
SET IntervalStyle = sql_standard;
SET DateStyle = postgres,YMD;
SELECT * FROM ft_interval_ym ORDER BY id;
 id |     val1      |     val2      
----+---------------+---------------
  1 | 178000000-0   | 178000000-0
  2 | 177999999-11  | 177999999-11
  3 | 178000000-1   | 178000000-1
  4 | -178000000-0  | -178000000-0
  5 | -177999999-11 | -177999999-11
  6 | -178000000-1  | -178000000-1
  7 | 1-1           | 1-1
  8 | 1-0           | 1-0
  9 | 0-1           | 0-1
 10 | -1-1          | -1-1
 11 | -1-0          | -1-0
 12 | -0-1          | -0-1
(12 rows)

SELECT * FROM ft_interval_ds ORDER BY id;
 id |            val1            |            val2            
----+----------------------------+----------------------------
  1 | 999999999 23:59:59.999998  | 999999999 23:59:59.999998
  2 | 999999999 23:59:00         | 999999999 23:59:00
  3 | 23:59:59.999998            | 23:59:59.999998
  4 | 999999999 23:00:00         | 999999999 23:00:00
  5 | 23:59:00                   | 23:59:00
  6 | 0:59:59.999998             | 0:59:59.999998
  7 | 999999999 0:00:00          | 999999999 0:00:00
  8 | 23:00:00                   | 23:00:00
  9 | 0:59:00                    | 0:59:00
 10 | 0:00:59.999998             | 0:00:59.999998
 11 | -999999999 23:59:59.999998 | -999999999 23:59:59.999998
 12 | -999999999 23:59:00        | 
 13 | -23:59:59.999998           | 
 14 | -999999999 23:00:00        | 
 15 | -23:59:00                  | 
 16 | -0:59:59.999998            | 
 17 | -999999999 0:00:00         | 
 18 | -23:00:00                  | 
 19 | -0:59:00                   | 
 20 | -0:00:59.999998            | 
 21 | 1 1:01:00.000001           | 
 22 | 1 1:01:00                  | 
 23 | 1:01:00.000001             | 
 24 | 1 1:00:00                  | 
 25 | 1:01:00                    | 
 26 | 0:01:00.000001             | 
 27 | 1 0:00:00                  | 
 28 | 1:00:00                    | 
 29 | 0:01:00                    | 
 30 | 0:00:00.000001             | 
 31 | -1 1:01:00.000001          | 
 32 | -1 1:01:00                 | 
 33 | -1:01:00.000001            | 
 34 | -1 1:00:00                 | 
 35 | -1:01:00                   | 
 36 | -0:01:00.000001            | 
 37 | -1 0:00:00                 | 
 38 | -1:00:00                   | 
 39 | -0:01:00                   | 
 40 | -0:00:00.000001            | 
(40 rows)

SET DateStyle = postgres,DMY;
SELECT * FROM ft_interval_ym ORDER BY id;
 id |     val1      |     val2      
----+---------------+---------------
  1 | 178000000-0   | 178000000-0
  2 | 177999999-11  | 177999999-11
  3 | 178000000-1   | 178000000-1
  4 | -178000000-0  | -178000000-0
  5 | -177999999-11 | -177999999-11
  6 | -178000000-1  | -178000000-1
  7 | 1-1           | 1-1
  8 | 1-0           | 1-0
  9 | 0-1           | 0-1
 10 | -1-1          | -1-1
 11 | -1-0          | -1-0
 12 | -0-1          | -0-1
(12 rows)

SELECT * FROM ft_interval_ds ORDER BY id;
 id |            val1            |            val2            
----+----------------------------+----------------------------
  1 | 999999999 23:59:59.999998  | 999999999 23:59:59.999998
  2 | 999999999 23:59:00         | 999999999 23:59:00
  3 | 23:59:59.999998            | 23:59:59.999998
  4 | 999999999 23:00:00         | 999999999 23:00:00
  5 | 23:59:00                   | 23:59:00
  6 | 0:59:59.999998             | 0:59:59.999998
  7 | 999999999 0:00:00          | 999999999 0:00:00
  8 | 23:00:00                   | 23:00:00
  9 | 0:59:00                    | 0:59:00
 10 | 0:00:59.999998             | 0:00:59.999998
 11 | -999999999 23:59:59.999998 | -999999999 23:59:59.999998
 12 | -999999999 23:59:00        | 
 13 | -23:59:59.999998           | 
 14 | -999999999 23:00:00        | 
 15 | -23:59:00                  | 
 16 | -0:59:59.999998            | 
 17 | -999999999 0:00:00         | 
 18 | -23:00:00                  | 
 19 | -0:59:00                   | 
 20 | -0:00:59.999998            | 
 21 | 1 1:01:00.000001           | 
 22 | 1 1:01:00                  | 
 23 | 1:01:00.000001             | 
 24 | 1 1:00:00                  | 
 25 | 1:01:00                    | 
 26 | 0:01:00.000001             | 
 27 | 1 0:00:00                  | 
 28 | 1:00:00                    | 
 29 | 0:01:00                    | 
 30 | 0:00:00.000001             | 
 31 | -1 1:01:00.000001          | 
 32 | -1 1:01:00                 | 
 33 | -1:01:00.000001            | 
 34 | -1 1:00:00                 | 
 35 | -1:01:00                   | 
 36 | -0:01:00.000001            | 
 37 | -1 0:00:00                 | 
 38 | -1:00:00                   | 
 39 | -0:01:00                   | 
 40 | -0:00:00.000001            | 
(40 rows)

SET DateStyle = postgres,MDY;
SELECT * FROM ft_interval_ym ORDER BY id;
 id |     val1      |     val2      
----+---------------+---------------
  1 | 178000000-0   | 178000000-0
  2 | 177999999-11  | 177999999-11
  3 | 178000000-1   | 178000000-1
  4 | -178000000-0  | -178000000-0
  5 | -177999999-11 | -177999999-11
  6 | -178000000-1  | -178000000-1
  7 | 1-1           | 1-1
  8 | 1-0           | 1-0
  9 | 0-1           | 0-1
 10 | -1-1          | -1-1
 11 | -1-0          | -1-0
 12 | -0-1          | -0-1
(12 rows)

SELECT * FROM ft_interval_ds ORDER BY id;
 id |            val1            |            val2            
----+----------------------------+----------------------------
  1 | 999999999 23:59:59.999998  | 999999999 23:59:59.999998
  2 | 999999999 23:59:00         | 999999999 23:59:00
  3 | 23:59:59.999998            | 23:59:59.999998
  4 | 999999999 23:00:00         | 999999999 23:00:00
  5 | 23:59:00                   | 23:59:00
  6 | 0:59:59.999998             | 0:59:59.999998
  7 | 999999999 0:00:00          | 999999999 0:00:00
  8 | 23:00:00                   | 23:00:00
  9 | 0:59:00                    | 0:59:00
 10 | 0:00:59.999998             | 0:00:59.999998
 11 | -999999999 23:59:59.999998 | -999999999 23:59:59.999998
 12 | -999999999 23:59:00        | 
 13 | -23:59:59.999998           | 
 14 | -999999999 23:00:00        | 
 15 | -23:59:00                  | 
 16 | -0:59:59.999998            | 
 17 | -999999999 0:00:00         | 
 18 | -23:00:00                  | 
 19 | -0:59:00                   | 
 20 | -0:00:59.999998            | 
 21 | 1 1:01:00.000001           | 
 22 | 1 1:01:00                  | 
 23 | 1:01:00.000001             | 
 24 | 1 1:00:00                  | 
 25 | 1:01:00                    | 
 26 | 0:01:00.000001             | 
 27 | 1 0:00:00                  | 
 28 | 1:00:00                    | 
 29 | 0:01:00                    | 
 30 | 0:00:00.000001             | 
 31 | -1 1:01:00.000001          | 
 32 | -1 1:01:00                 | 
 33 | -1:01:00.000001            | 
 34 | -1 1:00:00                 | 
 35 | -1:01:00                   | 
 36 | -0:01:00.000001            | 
 37 | -1 0:00:00                 | 
 38 | -1:00:00                   | 
 39 | -0:01:00                   | 
 40 | -0:00:00.000001            | 
(40 rows)

SET DateStyle = iso,YMD;
SELECT * FROM ft_interval_ym ORDER BY id;
 id |     val1      |     val2      
----+---------------+---------------
  1 | 178000000-0   | 178000000-0
  2 | 177999999-11  | 177999999-11
  3 | 178000000-1   | 178000000-1
  4 | -178000000-0  | -178000000-0
  5 | -177999999-11 | -177999999-11
  6 | -178000000-1  | -178000000-1
  7 | 1-1           | 1-1
  8 | 1-0           | 1-0
  9 | 0-1           | 0-1
 10 | -1-1          | -1-1
 11 | -1-0          | -1-0
 12 | -0-1          | -0-1
(12 rows)

SELECT * FROM ft_interval_ds ORDER BY id;
 id |            val1            |            val2            
----+----------------------------+----------------------------
  1 | 999999999 23:59:59.999998  | 999999999 23:59:59.999998
  2 | 999999999 23:59:00         | 999999999 23:59:00
  3 | 23:59:59.999998            | 23:59:59.999998
  4 | 999999999 23:00:00         | 999999999 23:00:00
  5 | 23:59:00                   | 23:59:00
  6 | 0:59:59.999998             | 0:59:59.999998
  7 | 999999999 0:00:00          | 999999999 0:00:00
  8 | 23:00:00                   | 23:00:00
  9 | 0:59:00                    | 0:59:00
 10 | 0:00:59.999998             | 0:00:59.999998
 11 | -999999999 23:59:59.999998 | -999999999 23:59:59.999998
 12 | -999999999 23:59:00        | 
 13 | -23:59:59.999998           | 
 14 | -999999999 23:00:00        | 
 15 | -23:59:00                  | 
 16 | -0:59:59.999998            | 
 17 | -999999999 0:00:00         | 
 18 | -23:00:00                  | 
 19 | -0:59:00                   | 
 20 | -0:00:59.999998            | 
 21 | 1 1:01:00.000001           | 
 22 | 1 1:01:00                  | 
 23 | 1:01:00.000001             | 
 24 | 1 1:00:00                  | 
 25 | 1:01:00                    | 
 26 | 0:01:00.000001             | 
 27 | 1 0:00:00                  | 
 28 | 1:00:00                    | 
 29 | 0:01:00                    | 
 30 | 0:00:00.000001             | 
 31 | -1 1:01:00.000001          | 
 32 | -1 1:01:00                 | 
 33 | -1:01:00.000001            | 
 34 | -1 1:00:00                 | 
 35 | -1:01:00                   | 
 36 | -0:01:00.000001            | 
 37 | -1 0:00:00                 | 
 38 | -1:00:00                   | 
 39 | -0:01:00                   | 
 40 | -0:00:00.000001            | 
(40 rows)

SET DateStyle = iso,DMY;
SELECT * FROM ft_interval_ym ORDER BY id;
 id |     val1      |     val2      
----+---------------+---------------
  1 | 178000000-0   | 178000000-0
  2 | 177999999-11  | 177999999-11
  3 | 178000000-1   | 178000000-1
  4 | -178000000-0  | -178000000-0
  5 | -177999999-11 | -177999999-11
  6 | -178000000-1  | -178000000-1
  7 | 1-1           | 1-1
  8 | 1-0           | 1-0
  9 | 0-1           | 0-1
 10 | -1-1          | -1-1
 11 | -1-0          | -1-0
 12 | -0-1          | -0-1
(12 rows)

SELECT * FROM ft_interval_ds ORDER BY id;
 id |            val1            |            val2            
----+----------------------------+----------------------------
  1 | 999999999 23:59:59.999998  | 999999999 23:59:59.999998
  2 | 999999999 23:59:00         | 999999999 23:59:00
  3 | 23:59:59.999998            | 23:59:59.999998
  4 | 999999999 23:00:00         | 999999999 23:00:00
  5 | 23:59:00                   | 23:59:00
  6 | 0:59:59.999998             | 0:59:59.999998
  7 | 999999999 0:00:00          | 999999999 0:00:00
  8 | 23:00:00                   | 23:00:00
  9 | 0:59:00                    | 0:59:00
 10 | 0:00:59.999998             | 0:00:59.999998
 11 | -999999999 23:59:59.999998 | -999999999 23:59:59.999998
 12 | -999999999 23:59:00        | 
 13 | -23:59:59.999998           | 
 14 | -999999999 23:00:00        | 
 15 | -23:59:00                  | 
 16 | -0:59:59.999998            | 
 17 | -999999999 0:00:00         | 
 18 | -23:00:00                  | 
 19 | -0:59:00                   | 
 20 | -0:00:59.999998            | 
 21 | 1 1:01:00.000001           | 
 22 | 1 1:01:00                  | 
 23 | 1:01:00.000001             | 
 24 | 1 1:00:00                  | 
 25 | 1:01:00                    | 
 26 | 0:01:00.000001             | 
 27 | 1 0:00:00                  | 
 28 | 1:00:00                    | 
 29 | 0:01:00                    | 
 30 | 0:00:00.000001             | 
 31 | -1 1:01:00.000001          | 
 32 | -1 1:01:00                 | 
 33 | -1:01:00.000001            | 
 34 | -1 1:00:00                 | 
 35 | -1:01:00                   | 
 36 | -0:01:00.000001            | 
 37 | -1 0:00:00                 | 
 38 | -1:00:00                   | 
 39 | -0:01:00                   | 
 40 | -0:00:00.000001            | 
(40 rows)

SET DateStyle = iso,MDY;
SELECT * FROM ft_interval_ym ORDER BY id;
 id |     val1      |     val2      
----+---------------+---------------
  1 | 178000000-0   | 178000000-0
  2 | 177999999-11  | 177999999-11
  3 | 178000000-1   | 178000000-1
  4 | -178000000-0  | -178000000-0
  5 | -177999999-11 | -177999999-11
  6 | -178000000-1  | -178000000-1
  7 | 1-1           | 1-1
  8 | 1-0           | 1-0
  9 | 0-1           | 0-1
 10 | -1-1          | -1-1
 11 | -1-0          | -1-0
 12 | -0-1          | -0-1
(12 rows)

SELECT * FROM ft_interval_ds ORDER BY id;
 id |            val1            |            val2            
----+----------------------------+----------------------------
  1 | 999999999 23:59:59.999998  | 999999999 23:59:59.999998
  2 | 999999999 23:59:00         | 999999999 23:59:00
  3 | 23:59:59.999998            | 23:59:59.999998
  4 | 999999999 23:00:00         | 999999999 23:00:00
  5 | 23:59:00                   | 23:59:00
  6 | 0:59:59.999998             | 0:59:59.999998
  7 | 999999999 0:00:00          | 999999999 0:00:00
  8 | 23:00:00                   | 23:00:00
  9 | 0:59:00                    | 0:59:00
 10 | 0:00:59.999998             | 0:00:59.999998
 11 | -999999999 23:59:59.999998 | -999999999 23:59:59.999998
 12 | -999999999 23:59:00        | 
 13 | -23:59:59.999998           | 
 14 | -999999999 23:00:00        | 
 15 | -23:59:00                  | 
 16 | -0:59:59.999998            | 
 17 | -999999999 0:00:00         | 
 18 | -23:00:00                  | 
 19 | -0:59:00                   | 
 20 | -0:00:59.999998            | 
 21 | 1 1:01:00.000001           | 
 22 | 1 1:01:00                  | 
 23 | 1:01:00.000001             | 
 24 | 1 1:00:00                  | 
 25 | 1:01:00                    | 
 26 | 0:01:00.000001             | 
 27 | 1 0:00:00                  | 
 28 | 1:00:00                    | 
 29 | 0:01:00                    | 
 30 | 0:00:00.000001             | 
 31 | -1 1:01:00.000001          | 
 32 | -1 1:01:00                 | 
 33 | -1:01:00.000001            | 
 34 | -1 1:00:00                 | 
 35 | -1:01:00                   | 
 36 | -0:01:00.000001            | 
 37 | -1 0:00:00                 | 
 38 | -1:00:00                   | 
 39 | -0:01:00                   | 
 40 | -0:00:00.000001            | 
(40 rows)

SET DateStyle = sql,YMD;
SELECT * FROM ft_interval_ym ORDER BY id;
 id |     val1      |     val2      
----+---------------+---------------
  1 | 178000000-0   | 178000000-0
  2 | 177999999-11  | 177999999-11
  3 | 178000000-1   | 178000000-1
  4 | -178000000-0  | -178000000-0
  5 | -177999999-11 | -177999999-11
  6 | -178000000-1  | -178000000-1
  7 | 1-1           | 1-1
  8 | 1-0           | 1-0
  9 | 0-1           | 0-1
 10 | -1-1          | -1-1
 11 | -1-0          | -1-0
 12 | -0-1          | -0-1
(12 rows)

SELECT * FROM ft_interval_ds ORDER BY id;
 id |            val1            |            val2            
----+----------------------------+----------------------------
  1 | 999999999 23:59:59.999998  | 999999999 23:59:59.999998
  2 | 999999999 23:59:00         | 999999999 23:59:00
  3 | 23:59:59.999998            | 23:59:59.999998
  4 | 999999999 23:00:00         | 999999999 23:00:00
  5 | 23:59:00                   | 23:59:00
  6 | 0:59:59.999998             | 0:59:59.999998
  7 | 999999999 0:00:00          | 999999999 0:00:00
  8 | 23:00:00                   | 23:00:00
  9 | 0:59:00                    | 0:59:00
 10 | 0:00:59.999998             | 0:00:59.999998
 11 | -999999999 23:59:59.999998 | -999999999 23:59:59.999998
 12 | -999999999 23:59:00        | 
 13 | -23:59:59.999998           | 
 14 | -999999999 23:00:00        | 
 15 | -23:59:00                  | 
 16 | -0:59:59.999998            | 
 17 | -999999999 0:00:00         | 
 18 | -23:00:00                  | 
 19 | -0:59:00                   | 
 20 | -0:00:59.999998            | 
 21 | 1 1:01:00.000001           | 
 22 | 1 1:01:00                  | 
 23 | 1:01:00.000001             | 
 24 | 1 1:00:00                  | 
 25 | 1:01:00                    | 
 26 | 0:01:00.000001             | 
 27 | 1 0:00:00                  | 
 28 | 1:00:00                    | 
 29 | 0:01:00                    | 
 30 | 0:00:00.000001             | 
 31 | -1 1:01:00.000001          | 
 32 | -1 1:01:00                 | 
 33 | -1:01:00.000001            | 
 34 | -1 1:00:00                 | 
 35 | -1:01:00                   | 
 36 | -0:01:00.000001            | 
 37 | -1 0:00:00                 | 
 38 | -1:00:00                   | 
 39 | -0:01:00                   | 
 40 | -0:00:00.000001            | 
(40 rows)

SET DateStyle = sql,DMY;
SELECT * FROM ft_interval_ym ORDER BY id;
 id |     val1      |     val2      
----+---------------+---------------
  1 | 178000000-0   | 178000000-0
  2 | 177999999-11  | 177999999-11
  3 | 178000000-1   | 178000000-1
  4 | -178000000-0  | -178000000-0
  5 | -177999999-11 | -177999999-11
  6 | -178000000-1  | -178000000-1
  7 | 1-1           | 1-1
  8 | 1-0           | 1-0
  9 | 0-1           | 0-1
 10 | -1-1          | -1-1
 11 | -1-0          | -1-0
 12 | -0-1          | -0-1
(12 rows)

SELECT * FROM ft_interval_ds ORDER BY id;
 id |            val1            |            val2            
----+----------------------------+----------------------------
  1 | 999999999 23:59:59.999998  | 999999999 23:59:59.999998
  2 | 999999999 23:59:00         | 999999999 23:59:00
  3 | 23:59:59.999998            | 23:59:59.999998
  4 | 999999999 23:00:00         | 999999999 23:00:00
  5 | 23:59:00                   | 23:59:00
  6 | 0:59:59.999998             | 0:59:59.999998
  7 | 999999999 0:00:00          | 999999999 0:00:00
  8 | 23:00:00                   | 23:00:00
  9 | 0:59:00                    | 0:59:00
 10 | 0:00:59.999998             | 0:00:59.999998
 11 | -999999999 23:59:59.999998 | -999999999 23:59:59.999998
 12 | -999999999 23:59:00        | 
 13 | -23:59:59.999998           | 
 14 | -999999999 23:00:00        | 
 15 | -23:59:00                  | 
 16 | -0:59:59.999998            | 
 17 | -999999999 0:00:00         | 
 18 | -23:00:00                  | 
 19 | -0:59:00                   | 
 20 | -0:00:59.999998            | 
 21 | 1 1:01:00.000001           | 
 22 | 1 1:01:00                  | 
 23 | 1:01:00.000001             | 
 24 | 1 1:00:00                  | 
 25 | 1:01:00                    | 
 26 | 0:01:00.000001             | 
 27 | 1 0:00:00                  | 
 28 | 1:00:00                    | 
 29 | 0:01:00                    | 
 30 | 0:00:00.000001             | 
 31 | -1 1:01:00.000001          | 
 32 | -1 1:01:00                 | 
 33 | -1:01:00.000001            | 
 34 | -1 1:00:00                 | 
 35 | -1:01:00                   | 
 36 | -0:01:00.000001            | 
 37 | -1 0:00:00                 | 
 38 | -1:00:00                   | 
 39 | -0:01:00                   | 
 40 | -0:00:00.000001            | 
(40 rows)

SET DateStyle = sql,MDY;
SELECT * FROM ft_interval_ym ORDER BY id;
 id |     val1      |     val2      
----+---------------+---------------
  1 | 178000000-0   | 178000000-0
  2 | 177999999-11  | 177999999-11
  3 | 178000000-1   | 178000000-1
  4 | -178000000-0  | -178000000-0
  5 | -177999999-11 | -177999999-11
  6 | -178000000-1  | -178000000-1
  7 | 1-1           | 1-1
  8 | 1-0           | 1-0
  9 | 0-1           | 0-1
 10 | -1-1          | -1-1
 11 | -1-0          | -1-0
 12 | -0-1          | -0-1
(12 rows)

SELECT * FROM ft_interval_ds ORDER BY id;
 id |            val1            |            val2            
----+----------------------------+----------------------------
  1 | 999999999 23:59:59.999998  | 999999999 23:59:59.999998
  2 | 999999999 23:59:00         | 999999999 23:59:00
  3 | 23:59:59.999998            | 23:59:59.999998
  4 | 999999999 23:00:00         | 999999999 23:00:00
  5 | 23:59:00                   | 23:59:00
  6 | 0:59:59.999998             | 0:59:59.999998
  7 | 999999999 0:00:00          | 999999999 0:00:00
  8 | 23:00:00                   | 23:00:00
  9 | 0:59:00                    | 0:59:00
 10 | 0:00:59.999998             | 0:00:59.999998
 11 | -999999999 23:59:59.999998 | -999999999 23:59:59.999998
 12 | -999999999 23:59:00        | 
 13 | -23:59:59.999998           | 
 14 | -999999999 23:00:00        | 
 15 | -23:59:00                  | 
 16 | -0:59:59.999998            | 
 17 | -999999999 0:00:00         | 
 18 | -23:00:00                  | 
 19 | -0:59:00                   | 
 20 | -0:00:59.999998            | 
 21 | 1 1:01:00.000001           | 
 22 | 1 1:01:00                  | 
 23 | 1:01:00.000001             | 
 24 | 1 1:00:00                  | 
 25 | 1:01:00                    | 
 26 | 0:01:00.000001             | 
 27 | 1 0:00:00                  | 
 28 | 1:00:00                    | 
 29 | 0:01:00                    | 
 30 | 0:00:00.000001             | 
 31 | -1 1:01:00.000001          | 
 32 | -1 1:01:00                 | 
 33 | -1:01:00.000001            | 
 34 | -1 1:00:00                 | 
 35 | -1:01:00                   | 
 36 | -0:01:00.000001            | 
 37 | -1 0:00:00                 | 
 38 | -1:00:00                   | 
 39 | -0:01:00                   | 
 40 | -0:00:00.000001            | 
(40 rows)

SET DateStyle = german,YMD;
SELECT * FROM ft_interval_ym ORDER BY id;
 id |     val1      |     val2      
----+---------------+---------------
  1 | 178000000-0   | 178000000-0
  2 | 177999999-11  | 177999999-11
  3 | 178000000-1   | 178000000-1
  4 | -178000000-0  | -178000000-0
  5 | -177999999-11 | -177999999-11
  6 | -178000000-1  | -178000000-1
  7 | 1-1           | 1-1
  8 | 1-0           | 1-0
  9 | 0-1           | 0-1
 10 | -1-1          | -1-1
 11 | -1-0          | -1-0
 12 | -0-1          | -0-1
(12 rows)

SELECT * FROM ft_interval_ds ORDER BY id;
 id |            val1            |            val2            
----+----------------------------+----------------------------
  1 | 999999999 23:59:59.999998  | 999999999 23:59:59.999998
  2 | 999999999 23:59:00         | 999999999 23:59:00
  3 | 23:59:59.999998            | 23:59:59.999998
  4 | 999999999 23:00:00         | 999999999 23:00:00
  5 | 23:59:00                   | 23:59:00
  6 | 0:59:59.999998             | 0:59:59.999998
  7 | 999999999 0:00:00          | 999999999 0:00:00
  8 | 23:00:00                   | 23:00:00
  9 | 0:59:00                    | 0:59:00
 10 | 0:00:59.999998             | 0:00:59.999998
 11 | -999999999 23:59:59.999998 | -999999999 23:59:59.999998
 12 | -999999999 23:59:00        | 
 13 | -23:59:59.999998           | 
 14 | -999999999 23:00:00        | 
 15 | -23:59:00                  | 
 16 | -0:59:59.999998            | 
 17 | -999999999 0:00:00         | 
 18 | -23:00:00                  | 
 19 | -0:59:00                   | 
 20 | -0:00:59.999998            | 
 21 | 1 1:01:00.000001           | 
 22 | 1 1:01:00                  | 
 23 | 1:01:00.000001             | 
 24 | 1 1:00:00                  | 
 25 | 1:01:00                    | 
 26 | 0:01:00.000001             | 
 27 | 1 0:00:00                  | 
 28 | 1:00:00                    | 
 29 | 0:01:00                    | 
 30 | 0:00:00.000001             | 
 31 | -1 1:01:00.000001          | 
 32 | -1 1:01:00                 | 
 33 | -1:01:00.000001            | 
 34 | -1 1:00:00                 | 
 35 | -1:01:00                   | 
 36 | -0:01:00.000001            | 
 37 | -1 0:00:00                 | 
 38 | -1:00:00                   | 
 39 | -0:01:00                   | 
 40 | -0:00:00.000001            | 
(40 rows)

SET DateStyle = german,DMY;
SELECT * FROM ft_interval_ym ORDER BY id;
 id |     val1      |     val2      
----+---------------+---------------
  1 | 178000000-0   | 178000000-0
  2 | 177999999-11  | 177999999-11
  3 | 178000000-1   | 178000000-1
  4 | -178000000-0  | -178000000-0
  5 | -177999999-11 | -177999999-11
  6 | -178000000-1  | -178000000-1
  7 | 1-1           | 1-1
  8 | 1-0           | 1-0
  9 | 0-1           | 0-1
 10 | -1-1          | -1-1
 11 | -1-0          | -1-0
 12 | -0-1          | -0-1
(12 rows)

SELECT * FROM ft_interval_ds ORDER BY id;
 id |            val1            |            val2            
----+----------------------------+----------------------------
  1 | 999999999 23:59:59.999998  | 999999999 23:59:59.999998
  2 | 999999999 23:59:00         | 999999999 23:59:00
  3 | 23:59:59.999998            | 23:59:59.999998
  4 | 999999999 23:00:00         | 999999999 23:00:00
  5 | 23:59:00                   | 23:59:00
  6 | 0:59:59.999998             | 0:59:59.999998
  7 | 999999999 0:00:00          | 999999999 0:00:00
  8 | 23:00:00                   | 23:00:00
  9 | 0:59:00                    | 0:59:00
 10 | 0:00:59.999998             | 0:00:59.999998
 11 | -999999999 23:59:59.999998 | -999999999 23:59:59.999998
 12 | -999999999 23:59:00        | 
 13 | -23:59:59.999998           | 
 14 | -999999999 23:00:00        | 
 15 | -23:59:00                  | 
 16 | -0:59:59.999998            | 
 17 | -999999999 0:00:00         | 
 18 | -23:00:00                  | 
 19 | -0:59:00                   | 
 20 | -0:00:59.999998            | 
 21 | 1 1:01:00.000001           | 
 22 | 1 1:01:00                  | 
 23 | 1:01:00.000001             | 
 24 | 1 1:00:00                  | 
 25 | 1:01:00                    | 
 26 | 0:01:00.000001             | 
 27 | 1 0:00:00                  | 
 28 | 1:00:00                    | 
 29 | 0:01:00                    | 
 30 | 0:00:00.000001             | 
 31 | -1 1:01:00.000001          | 
 32 | -1 1:01:00                 | 
 33 | -1:01:00.000001            | 
 34 | -1 1:00:00                 | 
 35 | -1:01:00                   | 
 36 | -0:01:00.000001            | 
 37 | -1 0:00:00                 | 
 38 | -1:00:00                   | 
 39 | -0:01:00                   | 
 40 | -0:00:00.000001            | 
(40 rows)

SET DateStyle = german,MDY;
SELECT * FROM ft_interval_ym ORDER BY id;
 id |     val1      |     val2      
----+---------------+---------------
  1 | 178000000-0   | 178000000-0
  2 | 177999999-11  | 177999999-11
  3 | 178000000-1   | 178000000-1
  4 | -178000000-0  | -178000000-0
  5 | -177999999-11 | -177999999-11
  6 | -178000000-1  | -178000000-1
  7 | 1-1           | 1-1
  8 | 1-0           | 1-0
  9 | 0-1           | 0-1
 10 | -1-1          | -1-1
 11 | -1-0          | -1-0
 12 | -0-1          | -0-1
(12 rows)

SELECT * FROM ft_interval_ds ORDER BY id;
 id |            val1            |            val2            
----+----------------------------+----------------------------
  1 | 999999999 23:59:59.999998  | 999999999 23:59:59.999998
  2 | 999999999 23:59:00         | 999999999 23:59:00
  3 | 23:59:59.999998            | 23:59:59.999998
  4 | 999999999 23:00:00         | 999999999 23:00:00
  5 | 23:59:00                   | 23:59:00
  6 | 0:59:59.999998             | 0:59:59.999998
  7 | 999999999 0:00:00          | 999999999 0:00:00
  8 | 23:00:00                   | 23:00:00
  9 | 0:59:00                    | 0:59:00
 10 | 0:00:59.999998             | 0:00:59.999998
 11 | -999999999 23:59:59.999998 | -999999999 23:59:59.999998
 12 | -999999999 23:59:00        | 
 13 | -23:59:59.999998           | 
 14 | -999999999 23:00:00        | 
 15 | -23:59:00                  | 
 16 | -0:59:59.999998            | 
 17 | -999999999 0:00:00         | 
 18 | -23:00:00                  | 
 19 | -0:59:00                   | 
 20 | -0:00:59.999998            | 
 21 | 1 1:01:00.000001           | 
 22 | 1 1:01:00                  | 
 23 | 1:01:00.000001             | 
 24 | 1 1:00:00                  | 
 25 | 1:01:00                    | 
 26 | 0:01:00.000001             | 
 27 | 1 0:00:00                  | 
 28 | 1:00:00                    | 
 29 | 0:01:00                    | 
 30 | 0:00:00.000001             | 
 31 | -1 1:01:00.000001          | 
 32 | -1 1:01:00                 | 
 33 | -1:01:00.000001            | 
 34 | -1 1:00:00                 | 
 35 | -1:01:00                   | 
 36 | -0:01:00.000001            | 
 37 | -1 0:00:00                 | 
 38 | -1:00:00                   | 
 39 | -0:01:00                   | 
 40 | -0:00:00.000001            | 
(40 rows)

INSERT INTO rt_interval_ym (SELECT * FROM ft_interval_ym ORDER BY id);
INSERT INTO rt_interval_ds (SELECT * FROM ft_interval_ds ORDER BY id);
SET IntervalStyle = postgres;
SELECT * FROM rt_interval_ym;
 id |           val1            |           val2            
----+---------------------------+---------------------------
  1 | 178000000 years           | 178000000 years
  2 | 177999999 years 11 mons   | 177999999 years 11 mons
  3 | 178000000 years 1 mon     | 178000000 years 1 mon
  4 | -178000000 years          | -178000000 years
  5 | -177999999 years -11 mons | -177999999 years -11 mons
  6 | -178000000 years -1 mons  | -178000000 years -1 mons
  7 | 1 year 1 mon              | 1 year 1 mon
  8 | 1 year                    | 1 year
  9 | 1 mon                     | 1 mon
 10 | -1 years -1 mons          | -1 years -1 mons
 11 | -1 years                  | -1 years
 12 | -1 mons                   | -1 mons
(12 rows)

SELECT * FROM rt_interval_ds;
 id |               val1               |               val2               
----+----------------------------------+----------------------------------
  1 | 999999999 days 23:59:59.999998   | 999999999 days 23:59:59.999998
  2 | 999999999 days 23:59:00          | 999999999 days 23:59:00
  3 | 23:59:59.999998                  | 23:59:59.999998
  4 | 999999999 days 23:00:00          | 999999999 days 23:00:00
  5 | 23:59:00                         | 23:59:00
  6 | 00:59:59.999998                  | 00:59:59.999998
  7 | 999999999 days                   | 999999999 days
  8 | 23:00:00                         | 23:00:00
  9 | 00:59:00                         | 00:59:00
 10 | 00:00:59.999998                  | 00:00:59.999998
 11 | -999999999 days -23:59:59.999998 | -999999999 days -23:59:59.999998
 12 | -999999999 days -23:59:00        | 
 13 | -23:59:59.999998                 | 
 14 | -999999999 days -23:00:00        | 
 15 | -23:59:00                        | 
 16 | -00:59:59.999998                 | 
 17 | -999999999 days                  | 
 18 | -23:00:00                        | 
 19 | -00:59:00                        | 
 20 | -00:00:59.999998                 | 
 21 | 1 day 01:01:00.000001            | 
 22 | 1 day 01:01:00                   | 
 23 | 01:01:00.000001                  | 
 24 | 1 day 01:00:00                   | 
 25 | 01:01:00                         | 
 26 | 00:01:00.000001                  | 
 27 | 1 day                            | 
 28 | 01:00:00                         | 
 29 | 00:01:00                         | 
 30 | 00:00:00.000001                  | 
 31 | -1 days -01:01:00.000001         | 
 32 | -1 days -01:01:00                | 
 33 | -01:01:00.000001                 | 
 34 | -1 days -01:00:00                | 
 35 | -01:01:00                        | 
 36 | -00:01:00.000001                 | 
 37 | -1 days                          | 
 38 | -01:00:00                        | 
 39 | -00:01:00                        | 
 40 | -00:00:00.000001                 | 
(40 rows)

SET IntervalStyle = postgres;
SET DateStyle = postgres,YMD;
SELECT * FROM ft_interval_ym ORDER BY id;
 id |           val1            |           val2            
----+---------------------------+---------------------------
  1 | 178000000 years           | 178000000 years
  2 | 177999999 years 11 mons   | 177999999 years 11 mons
  3 | 178000000 years 1 mon     | 178000000 years 1 mon
  4 | -178000000 years          | -178000000 years
  5 | -177999999 years -11 mons | -177999999 years -11 mons
  6 | -178000000 years -1 mons  | -178000000 years -1 mons
  7 | 1 year 1 mon              | 1 year 1 mon
  8 | 1 year                    | 1 year
  9 | 1 mon                     | 1 mon
 10 | -1 years -1 mons          | -1 years -1 mons
 11 | -1 years                  | -1 years
 12 | -1 mons                   | -1 mons
(12 rows)

SELECT * FROM ft_interval_ds ORDER BY id;
 id |               val1               |               val2               
----+----------------------------------+----------------------------------
  1 | 999999999 days 23:59:59.999998   | 999999999 days 23:59:59.999998
  2 | 999999999 days 23:59:00          | 999999999 days 23:59:00
  3 | 23:59:59.999998                  | 23:59:59.999998
  4 | 999999999 days 23:00:00          | 999999999 days 23:00:00
  5 | 23:59:00                         | 23:59:00
  6 | 00:59:59.999998                  | 00:59:59.999998
  7 | 999999999 days                   | 999999999 days
  8 | 23:00:00                         | 23:00:00
  9 | 00:59:00                         | 00:59:00
 10 | 00:00:59.999998                  | 00:00:59.999998
 11 | -999999999 days -23:59:59.999998 | -999999999 days -23:59:59.999998
 12 | -999999999 days -23:59:00        | 
 13 | -23:59:59.999998                 | 
 14 | -999999999 days -23:00:00        | 
 15 | -23:59:00                        | 
 16 | -00:59:59.999998                 | 
 17 | -999999999 days                  | 
 18 | -23:00:00                        | 
 19 | -00:59:00                        | 
 20 | -00:00:59.999998                 | 
 21 | 1 day 01:01:00.000001            | 
 22 | 1 day 01:01:00                   | 
 23 | 01:01:00.000001                  | 
 24 | 1 day 01:00:00                   | 
 25 | 01:01:00                         | 
 26 | 00:01:00.000001                  | 
 27 | 1 day                            | 
 28 | 01:00:00                         | 
 29 | 00:01:00                         | 
 30 | 00:00:00.000001                  | 
 31 | -1 days -01:01:00.000001         | 
 32 | -1 days -01:01:00                | 
 33 | -01:01:00.000001                 | 
 34 | -1 days -01:00:00                | 
 35 | -01:01:00                        | 
 36 | -00:01:00.000001                 | 
 37 | -1 days                          | 
 38 | -01:00:00                        | 
 39 | -00:01:00                        | 
 40 | -00:00:00.000001                 | 
(40 rows)

SET DateStyle = postgres,DMY;
SELECT * FROM ft_interval_ym ORDER BY id;
 id |           val1            |           val2            
----+---------------------------+---------------------------
  1 | 178000000 years           | 178000000 years
  2 | 177999999 years 11 mons   | 177999999 years 11 mons
  3 | 178000000 years 1 mon     | 178000000 years 1 mon
  4 | -178000000 years          | -178000000 years
  5 | -177999999 years -11 mons | -177999999 years -11 mons
  6 | -178000000 years -1 mons  | -178000000 years -1 mons
  7 | 1 year 1 mon              | 1 year 1 mon
  8 | 1 year                    | 1 year
  9 | 1 mon                     | 1 mon
 10 | -1 years -1 mons          | -1 years -1 mons
 11 | -1 years                  | -1 years
 12 | -1 mons                   | -1 mons
(12 rows)

SELECT * FROM ft_interval_ds ORDER BY id;
 id |               val1               |               val2               
----+----------------------------------+----------------------------------
  1 | 999999999 days 23:59:59.999998   | 999999999 days 23:59:59.999998
  2 | 999999999 days 23:59:00          | 999999999 days 23:59:00
  3 | 23:59:59.999998                  | 23:59:59.999998
  4 | 999999999 days 23:00:00          | 999999999 days 23:00:00
  5 | 23:59:00                         | 23:59:00
  6 | 00:59:59.999998                  | 00:59:59.999998
  7 | 999999999 days                   | 999999999 days
  8 | 23:00:00                         | 23:00:00
  9 | 00:59:00                         | 00:59:00
 10 | 00:00:59.999998                  | 00:00:59.999998
 11 | -999999999 days -23:59:59.999998 | -999999999 days -23:59:59.999998
 12 | -999999999 days -23:59:00        | 
 13 | -23:59:59.999998                 | 
 14 | -999999999 days -23:00:00        | 
 15 | -23:59:00                        | 
 16 | -00:59:59.999998                 | 
 17 | -999999999 days                  | 
 18 | -23:00:00                        | 
 19 | -00:59:00                        | 
 20 | -00:00:59.999998                 | 
 21 | 1 day 01:01:00.000001            | 
 22 | 1 day 01:01:00                   | 
 23 | 01:01:00.000001                  | 
 24 | 1 day 01:00:00                   | 
 25 | 01:01:00                         | 
 26 | 00:01:00.000001                  | 
 27 | 1 day                            | 
 28 | 01:00:00                         | 
 29 | 00:01:00                         | 
 30 | 00:00:00.000001                  | 
 31 | -1 days -01:01:00.000001         | 
 32 | -1 days -01:01:00                | 
 33 | -01:01:00.000001                 | 
 34 | -1 days -01:00:00                | 
 35 | -01:01:00                        | 
 36 | -00:01:00.000001                 | 
 37 | -1 days                          | 
 38 | -01:00:00                        | 
 39 | -00:01:00                        | 
 40 | -00:00:00.000001                 | 
(40 rows)

SET DateStyle = postgres,MDY;
SELECT * FROM ft_interval_ym ORDER BY id;
 id |           val1            |           val2            
----+---------------------------+---------------------------
  1 | 178000000 years           | 178000000 years
  2 | 177999999 years 11 mons   | 177999999 years 11 mons
  3 | 178000000 years 1 mon     | 178000000 years 1 mon
  4 | -178000000 years          | -178000000 years
  5 | -177999999 years -11 mons | -177999999 years -11 mons
  6 | -178000000 years -1 mons  | -178000000 years -1 mons
  7 | 1 year 1 mon              | 1 year 1 mon
  8 | 1 year                    | 1 year
  9 | 1 mon                     | 1 mon
 10 | -1 years -1 mons          | -1 years -1 mons
 11 | -1 years                  | -1 years
 12 | -1 mons                   | -1 mons
(12 rows)

SELECT * FROM ft_interval_ds ORDER BY id;
 id |               val1               |               val2               
----+----------------------------------+----------------------------------
  1 | 999999999 days 23:59:59.999998   | 999999999 days 23:59:59.999998
  2 | 999999999 days 23:59:00          | 999999999 days 23:59:00
  3 | 23:59:59.999998                  | 23:59:59.999998
  4 | 999999999 days 23:00:00          | 999999999 days 23:00:00
  5 | 23:59:00                         | 23:59:00
  6 | 00:59:59.999998                  | 00:59:59.999998
  7 | 999999999 days                   | 999999999 days
  8 | 23:00:00                         | 23:00:00
  9 | 00:59:00                         | 00:59:00
 10 | 00:00:59.999998                  | 00:00:59.999998
 11 | -999999999 days -23:59:59.999998 | -999999999 days -23:59:59.999998
 12 | -999999999 days -23:59:00        | 
 13 | -23:59:59.999998                 | 
 14 | -999999999 days -23:00:00        | 
 15 | -23:59:00                        | 
 16 | -00:59:59.999998                 | 
 17 | -999999999 days                  | 
 18 | -23:00:00                        | 
 19 | -00:59:00                        | 
 20 | -00:00:59.999998                 | 
 21 | 1 day 01:01:00.000001            | 
 22 | 1 day 01:01:00                   | 
 23 | 01:01:00.000001                  | 
 24 | 1 day 01:00:00                   | 
 25 | 01:01:00                         | 
 26 | 00:01:00.000001                  | 
 27 | 1 day                            | 
 28 | 01:00:00                         | 
 29 | 00:01:00                         | 
 30 | 00:00:00.000001                  | 
 31 | -1 days -01:01:00.000001         | 
 32 | -1 days -01:01:00                | 
 33 | -01:01:00.000001                 | 
 34 | -1 days -01:00:00                | 
 35 | -01:01:00                        | 
 36 | -00:01:00.000001                 | 
 37 | -1 days                          | 
 38 | -01:00:00                        | 
 39 | -00:01:00                        | 
 40 | -00:00:00.000001                 | 
(40 rows)

SET DateStyle = iso,YMD;
SELECT * FROM ft_interval_ym ORDER BY id;
 id |           val1            |           val2            
----+---------------------------+---------------------------
  1 | 178000000 years           | 178000000 years
  2 | 177999999 years 11 mons   | 177999999 years 11 mons
  3 | 178000000 years 1 mon     | 178000000 years 1 mon
  4 | -178000000 years          | -178000000 years
  5 | -177999999 years -11 mons | -177999999 years -11 mons
  6 | -178000000 years -1 mons  | -178000000 years -1 mons
  7 | 1 year 1 mon              | 1 year 1 mon
  8 | 1 year                    | 1 year
  9 | 1 mon                     | 1 mon
 10 | -1 years -1 mons          | -1 years -1 mons
 11 | -1 years                  | -1 years
 12 | -1 mons                   | -1 mons
(12 rows)

SELECT * FROM ft_interval_ds ORDER BY id;
 id |               val1               |               val2               
----+----------------------------------+----------------------------------
  1 | 999999999 days 23:59:59.999998   | 999999999 days 23:59:59.999998
  2 | 999999999 days 23:59:00          | 999999999 days 23:59:00
  3 | 23:59:59.999998                  | 23:59:59.999998
  4 | 999999999 days 23:00:00          | 999999999 days 23:00:00
  5 | 23:59:00                         | 23:59:00
  6 | 00:59:59.999998                  | 00:59:59.999998
  7 | 999999999 days                   | 999999999 days
  8 | 23:00:00                         | 23:00:00
  9 | 00:59:00                         | 00:59:00
 10 | 00:00:59.999998                  | 00:00:59.999998
 11 | -999999999 days -23:59:59.999998 | -999999999 days -23:59:59.999998
 12 | -999999999 days -23:59:00        | 
 13 | -23:59:59.999998                 | 
 14 | -999999999 days -23:00:00        | 
 15 | -23:59:00                        | 
 16 | -00:59:59.999998                 | 
 17 | -999999999 days                  | 
 18 | -23:00:00                        | 
 19 | -00:59:00                        | 
 20 | -00:00:59.999998                 | 
 21 | 1 day 01:01:00.000001            | 
 22 | 1 day 01:01:00                   | 
 23 | 01:01:00.000001                  | 
 24 | 1 day 01:00:00                   | 
 25 | 01:01:00                         | 
 26 | 00:01:00.000001                  | 
 27 | 1 day                            | 
 28 | 01:00:00                         | 
 29 | 00:01:00                         | 
 30 | 00:00:00.000001                  | 
 31 | -1 days -01:01:00.000001         | 
 32 | -1 days -01:01:00                | 
 33 | -01:01:00.000001                 | 
 34 | -1 days -01:00:00                | 
 35 | -01:01:00                        | 
 36 | -00:01:00.000001                 | 
 37 | -1 days                          | 
 38 | -01:00:00                        | 
 39 | -00:01:00                        | 
 40 | -00:00:00.000001                 | 
(40 rows)

SET DateStyle = iso,DMY;
SELECT * FROM ft_interval_ym ORDER BY id;
 id |           val1            |           val2            
----+---------------------------+---------------------------
  1 | 178000000 years           | 178000000 years
  2 | 177999999 years 11 mons   | 177999999 years 11 mons
  3 | 178000000 years 1 mon     | 178000000 years 1 mon
  4 | -178000000 years          | -178000000 years
  5 | -177999999 years -11 mons | -177999999 years -11 mons
  6 | -178000000 years -1 mons  | -178000000 years -1 mons
  7 | 1 year 1 mon              | 1 year 1 mon
  8 | 1 year                    | 1 year
  9 | 1 mon                     | 1 mon
 10 | -1 years -1 mons          | -1 years -1 mons
 11 | -1 years                  | -1 years
 12 | -1 mons                   | -1 mons
(12 rows)

SELECT * FROM ft_interval_ds ORDER BY id;
 id |               val1               |               val2               
----+----------------------------------+----------------------------------
  1 | 999999999 days 23:59:59.999998   | 999999999 days 23:59:59.999998
  2 | 999999999 days 23:59:00          | 999999999 days 23:59:00
  3 | 23:59:59.999998                  | 23:59:59.999998
  4 | 999999999 days 23:00:00          | 999999999 days 23:00:00
  5 | 23:59:00                         | 23:59:00
  6 | 00:59:59.999998                  | 00:59:59.999998
  7 | 999999999 days                   | 999999999 days
  8 | 23:00:00                         | 23:00:00
  9 | 00:59:00                         | 00:59:00
 10 | 00:00:59.999998                  | 00:00:59.999998
 11 | -999999999 days -23:59:59.999998 | -999999999 days -23:59:59.999998
 12 | -999999999 days -23:59:00        | 
 13 | -23:59:59.999998                 | 
 14 | -999999999 days -23:00:00        | 
 15 | -23:59:00                        | 
 16 | -00:59:59.999998                 | 
 17 | -999999999 days                  | 
 18 | -23:00:00                        | 
 19 | -00:59:00                        | 
 20 | -00:00:59.999998                 | 
 21 | 1 day 01:01:00.000001            | 
 22 | 1 day 01:01:00                   | 
 23 | 01:01:00.000001                  | 
 24 | 1 day 01:00:00                   | 
 25 | 01:01:00                         | 
 26 | 00:01:00.000001                  | 
 27 | 1 day                            | 
 28 | 01:00:00                         | 
 29 | 00:01:00                         | 
 30 | 00:00:00.000001                  | 
 31 | -1 days -01:01:00.000001         | 
 32 | -1 days -01:01:00                | 
 33 | -01:01:00.000001                 | 
 34 | -1 days -01:00:00                | 
 35 | -01:01:00                        | 
 36 | -00:01:00.000001                 | 
 37 | -1 days                          | 
 38 | -01:00:00                        | 
 39 | -00:01:00                        | 
 40 | -00:00:00.000001                 | 
(40 rows)

SET DateStyle = iso,MDY;
SELECT * FROM ft_interval_ym ORDER BY id;
 id |           val1            |           val2            
----+---------------------------+---------------------------
  1 | 178000000 years           | 178000000 years
  2 | 177999999 years 11 mons   | 177999999 years 11 mons
  3 | 178000000 years 1 mon     | 178000000 years 1 mon
  4 | -178000000 years          | -178000000 years
  5 | -177999999 years -11 mons | -177999999 years -11 mons
  6 | -178000000 years -1 mons  | -178000000 years -1 mons
  7 | 1 year 1 mon              | 1 year 1 mon
  8 | 1 year                    | 1 year
  9 | 1 mon                     | 1 mon
 10 | -1 years -1 mons          | -1 years -1 mons
 11 | -1 years                  | -1 years
 12 | -1 mons                   | -1 mons
(12 rows)

SELECT * FROM ft_interval_ds ORDER BY id;
 id |               val1               |               val2               
----+----------------------------------+----------------------------------
  1 | 999999999 days 23:59:59.999998   | 999999999 days 23:59:59.999998
  2 | 999999999 days 23:59:00          | 999999999 days 23:59:00
  3 | 23:59:59.999998                  | 23:59:59.999998
  4 | 999999999 days 23:00:00          | 999999999 days 23:00:00
  5 | 23:59:00                         | 23:59:00
  6 | 00:59:59.999998                  | 00:59:59.999998
  7 | 999999999 days                   | 999999999 days
  8 | 23:00:00                         | 23:00:00
  9 | 00:59:00                         | 00:59:00
 10 | 00:00:59.999998                  | 00:00:59.999998
 11 | -999999999 days -23:59:59.999998 | -999999999 days -23:59:59.999998
 12 | -999999999 days -23:59:00        | 
 13 | -23:59:59.999998                 | 
 14 | -999999999 days -23:00:00        | 
 15 | -23:59:00                        | 
 16 | -00:59:59.999998                 | 
 17 | -999999999 days                  | 
 18 | -23:00:00                        | 
 19 | -00:59:00                        | 
 20 | -00:00:59.999998                 | 
 21 | 1 day 01:01:00.000001            | 
 22 | 1 day 01:01:00                   | 
 23 | 01:01:00.000001                  | 
 24 | 1 day 01:00:00                   | 
 25 | 01:01:00                         | 
 26 | 00:01:00.000001                  | 
 27 | 1 day                            | 
 28 | 01:00:00                         | 
 29 | 00:01:00                         | 
 30 | 00:00:00.000001                  | 
 31 | -1 days -01:01:00.000001         | 
 32 | -1 days -01:01:00                | 
 33 | -01:01:00.000001                 | 
 34 | -1 days -01:00:00                | 
 35 | -01:01:00                        | 
 36 | -00:01:00.000001                 | 
 37 | -1 days                          | 
 38 | -01:00:00                        | 
 39 | -00:01:00                        | 
 40 | -00:00:00.000001                 | 
(40 rows)

SET DateStyle = sql,YMD;
SELECT * FROM ft_interval_ym ORDER BY id;
 id |           val1            |           val2            
----+---------------------------+---------------------------
  1 | 178000000 years           | 178000000 years
  2 | 177999999 years 11 mons   | 177999999 years 11 mons
  3 | 178000000 years 1 mon     | 178000000 years 1 mon
  4 | -178000000 years          | -178000000 years
  5 | -177999999 years -11 mons | -177999999 years -11 mons
  6 | -178000000 years -1 mons  | -178000000 years -1 mons
  7 | 1 year 1 mon              | 1 year 1 mon
  8 | 1 year                    | 1 year
  9 | 1 mon                     | 1 mon
 10 | -1 years -1 mons          | -1 years -1 mons
 11 | -1 years                  | -1 years
 12 | -1 mons                   | -1 mons
(12 rows)

SELECT * FROM ft_interval_ds ORDER BY id;
 id |               val1               |               val2               
----+----------------------------------+----------------------------------
  1 | 999999999 days 23:59:59.999998   | 999999999 days 23:59:59.999998
  2 | 999999999 days 23:59:00          | 999999999 days 23:59:00
  3 | 23:59:59.999998                  | 23:59:59.999998
  4 | 999999999 days 23:00:00          | 999999999 days 23:00:00
  5 | 23:59:00                         | 23:59:00
  6 | 00:59:59.999998                  | 00:59:59.999998
  7 | 999999999 days                   | 999999999 days
  8 | 23:00:00                         | 23:00:00
  9 | 00:59:00                         | 00:59:00
 10 | 00:00:59.999998                  | 00:00:59.999998
 11 | -999999999 days -23:59:59.999998 | -999999999 days -23:59:59.999998
 12 | -999999999 days -23:59:00        | 
 13 | -23:59:59.999998                 | 
 14 | -999999999 days -23:00:00        | 
 15 | -23:59:00                        | 
 16 | -00:59:59.999998                 | 
 17 | -999999999 days                  | 
 18 | -23:00:00                        | 
 19 | -00:59:00                        | 
 20 | -00:00:59.999998                 | 
 21 | 1 day 01:01:00.000001            | 
 22 | 1 day 01:01:00                   | 
 23 | 01:01:00.000001                  | 
 24 | 1 day 01:00:00                   | 
 25 | 01:01:00                         | 
 26 | 00:01:00.000001                  | 
 27 | 1 day                            | 
 28 | 01:00:00                         | 
 29 | 00:01:00                         | 
 30 | 00:00:00.000001                  | 
 31 | -1 days -01:01:00.000001         | 
 32 | -1 days -01:01:00                | 
 33 | -01:01:00.000001                 | 
 34 | -1 days -01:00:00                | 
 35 | -01:01:00                        | 
 36 | -00:01:00.000001                 | 
 37 | -1 days                          | 
 38 | -01:00:00                        | 
 39 | -00:01:00                        | 
 40 | -00:00:00.000001                 | 
(40 rows)

SET DateStyle = sql,DMY;
SELECT * FROM ft_interval_ym ORDER BY id;
 id |           val1            |           val2            
----+---------------------------+---------------------------
  1 | 178000000 years           | 178000000 years
  2 | 177999999 years 11 mons   | 177999999 years 11 mons
  3 | 178000000 years 1 mon     | 178000000 years 1 mon
  4 | -178000000 years          | -178000000 years
  5 | -177999999 years -11 mons | -177999999 years -11 mons
  6 | -178000000 years -1 mons  | -178000000 years -1 mons
  7 | 1 year 1 mon              | 1 year 1 mon
  8 | 1 year                    | 1 year
  9 | 1 mon                     | 1 mon
 10 | -1 years -1 mons          | -1 years -1 mons
 11 | -1 years                  | -1 years
 12 | -1 mons                   | -1 mons
(12 rows)

SELECT * FROM ft_interval_ds ORDER BY id;
 id |               val1               |               val2               
----+----------------------------------+----------------------------------
  1 | 999999999 days 23:59:59.999998   | 999999999 days 23:59:59.999998
  2 | 999999999 days 23:59:00          | 999999999 days 23:59:00
  3 | 23:59:59.999998                  | 23:59:59.999998
  4 | 999999999 days 23:00:00          | 999999999 days 23:00:00
  5 | 23:59:00                         | 23:59:00
  6 | 00:59:59.999998                  | 00:59:59.999998
  7 | 999999999 days                   | 999999999 days
  8 | 23:00:00                         | 23:00:00
  9 | 00:59:00                         | 00:59:00
 10 | 00:00:59.999998                  | 00:00:59.999998
 11 | -999999999 days -23:59:59.999998 | -999999999 days -23:59:59.999998
 12 | -999999999 days -23:59:00        | 
 13 | -23:59:59.999998                 | 
 14 | -999999999 days -23:00:00        | 
 15 | -23:59:00                        | 
 16 | -00:59:59.999998                 | 
 17 | -999999999 days                  | 
 18 | -23:00:00                        | 
 19 | -00:59:00                        | 
 20 | -00:00:59.999998                 | 
 21 | 1 day 01:01:00.000001            | 
 22 | 1 day 01:01:00                   | 
 23 | 01:01:00.000001                  | 
 24 | 1 day 01:00:00                   | 
 25 | 01:01:00                         | 
 26 | 00:01:00.000001                  | 
 27 | 1 day                            | 
 28 | 01:00:00                         | 
 29 | 00:01:00                         | 
 30 | 00:00:00.000001                  | 
 31 | -1 days -01:01:00.000001         | 
 32 | -1 days -01:01:00                | 
 33 | -01:01:00.000001                 | 
 34 | -1 days -01:00:00                | 
 35 | -01:01:00                        | 
 36 | -00:01:00.000001                 | 
 37 | -1 days                          | 
 38 | -01:00:00                        | 
 39 | -00:01:00                        | 
 40 | -00:00:00.000001                 | 
(40 rows)

SET DateStyle = sql,MDY;
SELECT * FROM ft_interval_ym ORDER BY id;
 id |           val1            |           val2            
----+---------------------------+---------------------------
  1 | 178000000 years           | 178000000 years
  2 | 177999999 years 11 mons   | 177999999 years 11 mons
  3 | 178000000 years 1 mon     | 178000000 years 1 mon
  4 | -178000000 years          | -178000000 years
  5 | -177999999 years -11 mons | -177999999 years -11 mons
  6 | -178000000 years -1 mons  | -178000000 years -1 mons
  7 | 1 year 1 mon              | 1 year 1 mon
  8 | 1 year                    | 1 year
  9 | 1 mon                     | 1 mon
 10 | -1 years -1 mons          | -1 years -1 mons
 11 | -1 years                  | -1 years
 12 | -1 mons                   | -1 mons
(12 rows)

SELECT * FROM ft_interval_ds ORDER BY id;
 id |               val1               |               val2               
----+----------------------------------+----------------------------------
  1 | 999999999 days 23:59:59.999998   | 999999999 days 23:59:59.999998
  2 | 999999999 days 23:59:00          | 999999999 days 23:59:00
  3 | 23:59:59.999998                  | 23:59:59.999998
  4 | 999999999 days 23:00:00          | 999999999 days 23:00:00
  5 | 23:59:00                         | 23:59:00
  6 | 00:59:59.999998                  | 00:59:59.999998
  7 | 999999999 days                   | 999999999 days
  8 | 23:00:00                         | 23:00:00
  9 | 00:59:00                         | 00:59:00
 10 | 00:00:59.999998                  | 00:00:59.999998
 11 | -999999999 days -23:59:59.999998 | -999999999 days -23:59:59.999998
 12 | -999999999 days -23:59:00        | 
 13 | -23:59:59.999998                 | 
 14 | -999999999 days -23:00:00        | 
 15 | -23:59:00                        | 
 16 | -00:59:59.999998                 | 
 17 | -999999999 days                  | 
 18 | -23:00:00                        | 
 19 | -00:59:00                        | 
 20 | -00:00:59.999998                 | 
 21 | 1 day 01:01:00.000001            | 
 22 | 1 day 01:01:00                   | 
 23 | 01:01:00.000001                  | 
 24 | 1 day 01:00:00                   | 
 25 | 01:01:00                         | 
 26 | 00:01:00.000001                  | 
 27 | 1 day                            | 
 28 | 01:00:00                         | 
 29 | 00:01:00                         | 
 30 | 00:00:00.000001                  | 
 31 | -1 days -01:01:00.000001         | 
 32 | -1 days -01:01:00                | 
 33 | -01:01:00.000001                 | 
 34 | -1 days -01:00:00                | 
 35 | -01:01:00                        | 
 36 | -00:01:00.000001                 | 
 37 | -1 days                          | 
 38 | -01:00:00                        | 
 39 | -00:01:00                        | 
 40 | -00:00:00.000001                 | 
(40 rows)

SET DateStyle = german,YMD;
SELECT * FROM ft_interval_ym ORDER BY id;
 id |           val1            |           val2            
----+---------------------------+---------------------------
  1 | 178000000 years           | 178000000 years
  2 | 177999999 years 11 mons   | 177999999 years 11 mons
  3 | 178000000 years 1 mon     | 178000000 years 1 mon
  4 | -178000000 years          | -178000000 years
  5 | -177999999 years -11 mons | -177999999 years -11 mons
  6 | -178000000 years -1 mons  | -178000000 years -1 mons
  7 | 1 year 1 mon              | 1 year 1 mon
  8 | 1 year                    | 1 year
  9 | 1 mon                     | 1 mon
 10 | -1 years -1 mons          | -1 years -1 mons
 11 | -1 years                  | -1 years
 12 | -1 mons                   | -1 mons
(12 rows)

SELECT * FROM ft_interval_ds ORDER BY id;
 id |               val1               |               val2               
----+----------------------------------+----------------------------------
  1 | 999999999 days 23:59:59.999998   | 999999999 days 23:59:59.999998
  2 | 999999999 days 23:59:00          | 999999999 days 23:59:00
  3 | 23:59:59.999998                  | 23:59:59.999998
  4 | 999999999 days 23:00:00          | 999999999 days 23:00:00
  5 | 23:59:00                         | 23:59:00
  6 | 00:59:59.999998                  | 00:59:59.999998
  7 | 999999999 days                   | 999999999 days
  8 | 23:00:00                         | 23:00:00
  9 | 00:59:00                         | 00:59:00
 10 | 00:00:59.999998                  | 00:00:59.999998
 11 | -999999999 days -23:59:59.999998 | -999999999 days -23:59:59.999998
 12 | -999999999 days -23:59:00        | 
 13 | -23:59:59.999998                 | 
 14 | -999999999 days -23:00:00        | 
 15 | -23:59:00                        | 
 16 | -00:59:59.999998                 | 
 17 | -999999999 days                  | 
 18 | -23:00:00                        | 
 19 | -00:59:00                        | 
 20 | -00:00:59.999998                 | 
 21 | 1 day 01:01:00.000001            | 
 22 | 1 day 01:01:00                   | 
 23 | 01:01:00.000001                  | 
 24 | 1 day 01:00:00                   | 
 25 | 01:01:00                         | 
 26 | 00:01:00.000001                  | 
 27 | 1 day                            | 
 28 | 01:00:00                         | 
 29 | 00:01:00                         | 
 30 | 00:00:00.000001                  | 
 31 | -1 days -01:01:00.000001         | 
 32 | -1 days -01:01:00                | 
 33 | -01:01:00.000001                 | 
 34 | -1 days -01:00:00                | 
 35 | -01:01:00                        | 
 36 | -00:01:00.000001                 | 
 37 | -1 days                          | 
 38 | -01:00:00                        | 
 39 | -00:01:00                        | 
 40 | -00:00:00.000001                 | 
(40 rows)

SET DateStyle = german,DMY;
SELECT * FROM ft_interval_ym ORDER BY id;
 id |           val1            |           val2            
----+---------------------------+---------------------------
  1 | 178000000 years           | 178000000 years
  2 | 177999999 years 11 mons   | 177999999 years 11 mons
  3 | 178000000 years 1 mon     | 178000000 years 1 mon
  4 | -178000000 years          | -178000000 years
  5 | -177999999 years -11 mons | -177999999 years -11 mons
  6 | -178000000 years -1 mons  | -178000000 years -1 mons
  7 | 1 year 1 mon              | 1 year 1 mon
  8 | 1 year                    | 1 year
  9 | 1 mon                     | 1 mon
 10 | -1 years -1 mons          | -1 years -1 mons
 11 | -1 years                  | -1 years
 12 | -1 mons                   | -1 mons
(12 rows)

SELECT * FROM ft_interval_ds ORDER BY id;
 id |               val1               |               val2               
----+----------------------------------+----------------------------------
  1 | 999999999 days 23:59:59.999998   | 999999999 days 23:59:59.999998
  2 | 999999999 days 23:59:00          | 999999999 days 23:59:00
  3 | 23:59:59.999998                  | 23:59:59.999998
  4 | 999999999 days 23:00:00          | 999999999 days 23:00:00
  5 | 23:59:00                         | 23:59:00
  6 | 00:59:59.999998                  | 00:59:59.999998
  7 | 999999999 days                   | 999999999 days
  8 | 23:00:00                         | 23:00:00
  9 | 00:59:00                         | 00:59:00
 10 | 00:00:59.999998                  | 00:00:59.999998
 11 | -999999999 days -23:59:59.999998 | -999999999 days -23:59:59.999998
 12 | -999999999 days -23:59:00        | 
 13 | -23:59:59.999998                 | 
 14 | -999999999 days -23:00:00        | 
 15 | -23:59:00                        | 
 16 | -00:59:59.999998                 | 
 17 | -999999999 days                  | 
 18 | -23:00:00                        | 
 19 | -00:59:00                        | 
 20 | -00:00:59.999998                 | 
 21 | 1 day 01:01:00.000001            | 
 22 | 1 day 01:01:00                   | 
 23 | 01:01:00.000001                  | 
 24 | 1 day 01:00:00                   | 
 25 | 01:01:00                         | 
 26 | 00:01:00.000001                  | 
 27 | 1 day                            | 
 28 | 01:00:00                         | 
 29 | 00:01:00                         | 
 30 | 00:00:00.000001                  | 
 31 | -1 days -01:01:00.000001         | 
 32 | -1 days -01:01:00                | 
 33 | -01:01:00.000001                 | 
 34 | -1 days -01:00:00                | 
 35 | -01:01:00                        | 
 36 | -00:01:00.000001                 | 
 37 | -1 days                          | 
 38 | -01:00:00                        | 
 39 | -00:01:00                        | 
 40 | -00:00:00.000001                 | 
(40 rows)

SET DateStyle = german,MDY;
SELECT * FROM ft_interval_ym ORDER BY id;
 id |           val1            |           val2            
----+---------------------------+---------------------------
  1 | 178000000 years           | 178000000 years
  2 | 177999999 years 11 mons   | 177999999 years 11 mons
  3 | 178000000 years 1 mon     | 178000000 years 1 mon
  4 | -178000000 years          | -178000000 years
  5 | -177999999 years -11 mons | -177999999 years -11 mons
  6 | -178000000 years -1 mons  | -178000000 years -1 mons
  7 | 1 year 1 mon              | 1 year 1 mon
  8 | 1 year                    | 1 year
  9 | 1 mon                     | 1 mon
 10 | -1 years -1 mons          | -1 years -1 mons
 11 | -1 years                  | -1 years
 12 | -1 mons                   | -1 mons
(12 rows)

SELECT * FROM ft_interval_ds ORDER BY id;
 id |               val1               |               val2               
----+----------------------------------+----------------------------------
  1 | 999999999 days 23:59:59.999998   | 999999999 days 23:59:59.999998
  2 | 999999999 days 23:59:00          | 999999999 days 23:59:00
  3 | 23:59:59.999998                  | 23:59:59.999998
  4 | 999999999 days 23:00:00          | 999999999 days 23:00:00
  5 | 23:59:00                         | 23:59:00
  6 | 00:59:59.999998                  | 00:59:59.999998
  7 | 999999999 days                   | 999999999 days
  8 | 23:00:00                         | 23:00:00
  9 | 00:59:00                         | 00:59:00
 10 | 00:00:59.999998                  | 00:00:59.999998
 11 | -999999999 days -23:59:59.999998 | -999999999 days -23:59:59.999998
 12 | -999999999 days -23:59:00        | 
 13 | -23:59:59.999998                 | 
 14 | -999999999 days -23:00:00        | 
 15 | -23:59:00                        | 
 16 | -00:59:59.999998                 | 
 17 | -999999999 days                  | 
 18 | -23:00:00                        | 
 19 | -00:59:00                        | 
 20 | -00:00:59.999998                 | 
 21 | 1 day 01:01:00.000001            | 
 22 | 1 day 01:01:00                   | 
 23 | 01:01:00.000001                  | 
 24 | 1 day 01:00:00                   | 
 25 | 01:01:00                         | 
 26 | 00:01:00.000001                  | 
 27 | 1 day                            | 
 28 | 01:00:00                         | 
 29 | 00:01:00                         | 
 30 | 00:00:00.000001                  | 
 31 | -1 days -01:01:00.000001         | 
 32 | -1 days -01:01:00                | 
 33 | -01:01:00.000001                 | 
 34 | -1 days -01:00:00                | 
 35 | -01:01:00                        | 
 36 | -00:01:00.000001                 | 
 37 | -1 days                          | 
 38 | -01:00:00                        | 
 39 | -00:01:00                        | 
 40 | -00:00:00.000001                 | 
(40 rows)

SET IntervalStyle = postgres_verbose;
SET DateStyle = postgres,YMD;
SELECT * FROM ft_interval_ym ORDER BY id;
 id |             val1              |             val2              
----+-------------------------------+-------------------------------
  1 | @ 178000000 years             | @ 178000000 years
  2 | @ 177999999 years 11 mons     | @ 177999999 years 11 mons
  3 | @ 178000000 years 1 mon       | @ 178000000 years 1 mon
  4 | @ 178000000 years ago         | @ 178000000 years ago
  5 | @ 177999999 years 11 mons ago | @ 177999999 years 11 mons ago
  6 | @ 178000000 years 1 mon ago   | @ 178000000 years 1 mon ago
  7 | @ 1 year 1 mon                | @ 1 year 1 mon
  8 | @ 1 year                      | @ 1 year
  9 | @ 1 mon                       | @ 1 mon
 10 | @ 1 year 1 mon ago            | @ 1 year 1 mon ago
 11 | @ 1 year ago                  | @ 1 year ago
 12 | @ 1 mon ago                   | @ 1 mon ago
(12 rows)

SELECT * FROM ft_interval_ds ORDER BY id;
 id |                         val1                         |                         val2                         
----+------------------------------------------------------+------------------------------------------------------
  1 | @ 999999999 days 23 hours 59 mins 59.999998 secs     | @ 999999999 days 23 hours 59 mins 59.999998 secs
  2 | @ 999999999 days 23 hours 59 mins                    | @ 999999999 days 23 hours 59 mins
  3 | @ 23 hours 59 mins 59.999998 secs                    | @ 23 hours 59 mins 59.999998 secs
  4 | @ 999999999 days 23 hours                            | @ 999999999 days 23 hours
  5 | @ 23 hours 59 mins                                   | @ 23 hours 59 mins
  6 | @ 59 mins 59.999998 secs                             | @ 59 mins 59.999998 secs
  7 | @ 999999999 days                                     | @ 999999999 days
  8 | @ 23 hours                                           | @ 23 hours
  9 | @ 59 mins                                            | @ 59 mins
 10 | @ 59.999998 secs                                     | @ 59.999998 secs
 11 | @ 999999999 days 23 hours 59 mins 59.999998 secs ago | @ 999999999 days 23 hours 59 mins 59.999998 secs ago
 12 | @ 999999999 days 23 hours 59 mins ago                | 
 13 | @ 23 hours 59 mins 59.999998 secs ago                | 
 14 | @ 999999999 days 23 hours ago                        | 
 15 | @ 23 hours 59 mins ago                               | 
 16 | @ 59 mins 59.999998 secs ago                         | 
 17 | @ 999999999 days ago                                 | 
 18 | @ 23 hours ago                                       | 
 19 | @ 59 mins ago                                        | 
 20 | @ 59.999998 secs ago                                 | 
 21 | @ 1 day 1 hour 1 min 0.000001 secs                   | 
 22 | @ 1 day 1 hour 1 min                                 | 
 23 | @ 1 hour 1 min 0.000001 secs                         | 
 24 | @ 1 day 1 hour                                       | 
 25 | @ 1 hour 1 min                                       | 
 26 | @ 1 min 0.000001 secs                                | 
 27 | @ 1 day                                              | 
 28 | @ 1 hour                                             | 
 29 | @ 1 min                                              | 
 30 | @ 0.000001 secs                                      | 
 31 | @ 1 day 1 hour 1 min 0.000001 secs ago               | 
 32 | @ 1 day 1 hour 1 min ago                             | 
 33 | @ 1 hour 1 min 0.000001 secs ago                     | 
 34 | @ 1 day 1 hour ago                                   | 
 35 | @ 1 hour 1 min ago                                   | 
 36 | @ 1 min 0.000001 secs ago                            | 
 37 | @ 1 day ago                                          | 
 38 | @ 1 hour ago                                         | 
 39 | @ 1 min ago                                          | 
 40 | @ 0.000001 secs ago                                  | 
(40 rows)

SET DateStyle = postgres,DMY;
SELECT * FROM ft_interval_ym ORDER BY id;
 id |             val1              |             val2              
----+-------------------------------+-------------------------------
  1 | @ 178000000 years             | @ 178000000 years
  2 | @ 177999999 years 11 mons     | @ 177999999 years 11 mons
  3 | @ 178000000 years 1 mon       | @ 178000000 years 1 mon
  4 | @ 178000000 years ago         | @ 178000000 years ago
  5 | @ 177999999 years 11 mons ago | @ 177999999 years 11 mons ago
  6 | @ 178000000 years 1 mon ago   | @ 178000000 years 1 mon ago
  7 | @ 1 year 1 mon                | @ 1 year 1 mon
  8 | @ 1 year                      | @ 1 year
  9 | @ 1 mon                       | @ 1 mon
 10 | @ 1 year 1 mon ago            | @ 1 year 1 mon ago
 11 | @ 1 year ago                  | @ 1 year ago
 12 | @ 1 mon ago                   | @ 1 mon ago
(12 rows)

SELECT * FROM ft_interval_ds ORDER BY id;
 id |                         val1                         |                         val2                         
----+------------------------------------------------------+------------------------------------------------------
  1 | @ 999999999 days 23 hours 59 mins 59.999998 secs     | @ 999999999 days 23 hours 59 mins 59.999998 secs
  2 | @ 999999999 days 23 hours 59 mins                    | @ 999999999 days 23 hours 59 mins
  3 | @ 23 hours 59 mins 59.999998 secs                    | @ 23 hours 59 mins 59.999998 secs
  4 | @ 999999999 days 23 hours                            | @ 999999999 days 23 hours
  5 | @ 23 hours 59 mins                                   | @ 23 hours 59 mins
  6 | @ 59 mins 59.999998 secs                             | @ 59 mins 59.999998 secs
  7 | @ 999999999 days                                     | @ 999999999 days
  8 | @ 23 hours                                           | @ 23 hours
  9 | @ 59 mins                                            | @ 59 mins
 10 | @ 59.999998 secs                                     | @ 59.999998 secs
 11 | @ 999999999 days 23 hours 59 mins 59.999998 secs ago | @ 999999999 days 23 hours 59 mins 59.999998 secs ago
 12 | @ 999999999 days 23 hours 59 mins ago                | 
 13 | @ 23 hours 59 mins 59.999998 secs ago                | 
 14 | @ 999999999 days 23 hours ago                        | 
 15 | @ 23 hours 59 mins ago                               | 
 16 | @ 59 mins 59.999998 secs ago                         | 
 17 | @ 999999999 days ago                                 | 
 18 | @ 23 hours ago                                       | 
 19 | @ 59 mins ago                                        | 
 20 | @ 59.999998 secs ago                                 | 
 21 | @ 1 day 1 hour 1 min 0.000001 secs                   | 
 22 | @ 1 day 1 hour 1 min                                 | 
 23 | @ 1 hour 1 min 0.000001 secs                         | 
 24 | @ 1 day 1 hour                                       | 
 25 | @ 1 hour 1 min                                       | 
 26 | @ 1 min 0.000001 secs                                | 
 27 | @ 1 day                                              | 
 28 | @ 1 hour                                             | 
 29 | @ 1 min                                              | 
 30 | @ 0.000001 secs                                      | 
 31 | @ 1 day 1 hour 1 min 0.000001 secs ago               | 
 32 | @ 1 day 1 hour 1 min ago                             | 
 33 | @ 1 hour 1 min 0.000001 secs ago                     | 
 34 | @ 1 day 1 hour ago                                   | 
 35 | @ 1 hour 1 min ago                                   | 
 36 | @ 1 min 0.000001 secs ago                            | 
 37 | @ 1 day ago                                          | 
 38 | @ 1 hour ago                                         | 
 39 | @ 1 min ago                                          | 
 40 | @ 0.000001 secs ago                                  | 
(40 rows)

SET DateStyle = postgres,MDY;
SELECT * FROM ft_interval_ym ORDER BY id;
 id |             val1              |             val2              
----+-------------------------------+-------------------------------
  1 | @ 178000000 years             | @ 178000000 years
  2 | @ 177999999 years 11 mons     | @ 177999999 years 11 mons
  3 | @ 178000000 years 1 mon       | @ 178000000 years 1 mon
  4 | @ 178000000 years ago         | @ 178000000 years ago
  5 | @ 177999999 years 11 mons ago | @ 177999999 years 11 mons ago
  6 | @ 178000000 years 1 mon ago   | @ 178000000 years 1 mon ago
  7 | @ 1 year 1 mon                | @ 1 year 1 mon
  8 | @ 1 year                      | @ 1 year
  9 | @ 1 mon                       | @ 1 mon
 10 | @ 1 year 1 mon ago            | @ 1 year 1 mon ago
 11 | @ 1 year ago                  | @ 1 year ago
 12 | @ 1 mon ago                   | @ 1 mon ago
(12 rows)

SELECT * FROM ft_interval_ds ORDER BY id;
 id |                         val1                         |                         val2                         
----+------------------------------------------------------+------------------------------------------------------
  1 | @ 999999999 days 23 hours 59 mins 59.999998 secs     | @ 999999999 days 23 hours 59 mins 59.999998 secs
  2 | @ 999999999 days 23 hours 59 mins                    | @ 999999999 days 23 hours 59 mins
  3 | @ 23 hours 59 mins 59.999998 secs                    | @ 23 hours 59 mins 59.999998 secs
  4 | @ 999999999 days 23 hours                            | @ 999999999 days 23 hours
  5 | @ 23 hours 59 mins                                   | @ 23 hours 59 mins
  6 | @ 59 mins 59.999998 secs                             | @ 59 mins 59.999998 secs
  7 | @ 999999999 days                                     | @ 999999999 days
  8 | @ 23 hours                                           | @ 23 hours
  9 | @ 59 mins                                            | @ 59 mins
 10 | @ 59.999998 secs                                     | @ 59.999998 secs
 11 | @ 999999999 days 23 hours 59 mins 59.999998 secs ago | @ 999999999 days 23 hours 59 mins 59.999998 secs ago
 12 | @ 999999999 days 23 hours 59 mins ago                | 
 13 | @ 23 hours 59 mins 59.999998 secs ago                | 
 14 | @ 999999999 days 23 hours ago                        | 
 15 | @ 23 hours 59 mins ago                               | 
 16 | @ 59 mins 59.999998 secs ago                         | 
 17 | @ 999999999 days ago                                 | 
 18 | @ 23 hours ago                                       | 
 19 | @ 59 mins ago                                        | 
 20 | @ 59.999998 secs ago                                 | 
 21 | @ 1 day 1 hour 1 min 0.000001 secs                   | 
 22 | @ 1 day 1 hour 1 min                                 | 
 23 | @ 1 hour 1 min 0.000001 secs                         | 
 24 | @ 1 day 1 hour                                       | 
 25 | @ 1 hour 1 min                                       | 
 26 | @ 1 min 0.000001 secs                                | 
 27 | @ 1 day                                              | 
 28 | @ 1 hour                                             | 
 29 | @ 1 min                                              | 
 30 | @ 0.000001 secs                                      | 
 31 | @ 1 day 1 hour 1 min 0.000001 secs ago               | 
 32 | @ 1 day 1 hour 1 min ago                             | 
 33 | @ 1 hour 1 min 0.000001 secs ago                     | 
 34 | @ 1 day 1 hour ago                                   | 
 35 | @ 1 hour 1 min ago                                   | 
 36 | @ 1 min 0.000001 secs ago                            | 
 37 | @ 1 day ago                                          | 
 38 | @ 1 hour ago                                         | 
 39 | @ 1 min ago                                          | 
 40 | @ 0.000001 secs ago                                  | 
(40 rows)

SET DateStyle = iso,YMD;
SELECT * FROM ft_interval_ym ORDER BY id;
 id |             val1              |             val2              
----+-------------------------------+-------------------------------
  1 | @ 178000000 years             | @ 178000000 years
  2 | @ 177999999 years 11 mons     | @ 177999999 years 11 mons
  3 | @ 178000000 years 1 mon       | @ 178000000 years 1 mon
  4 | @ 178000000 years ago         | @ 178000000 years ago
  5 | @ 177999999 years 11 mons ago | @ 177999999 years 11 mons ago
  6 | @ 178000000 years 1 mon ago   | @ 178000000 years 1 mon ago
  7 | @ 1 year 1 mon                | @ 1 year 1 mon
  8 | @ 1 year                      | @ 1 year
  9 | @ 1 mon                       | @ 1 mon
 10 | @ 1 year 1 mon ago            | @ 1 year 1 mon ago
 11 | @ 1 year ago                  | @ 1 year ago
 12 | @ 1 mon ago                   | @ 1 mon ago
(12 rows)

SELECT * FROM ft_interval_ds ORDER BY id;
 id |                         val1                         |                         val2                         
----+------------------------------------------------------+------------------------------------------------------
  1 | @ 999999999 days 23 hours 59 mins 59.999998 secs     | @ 999999999 days 23 hours 59 mins 59.999998 secs
  2 | @ 999999999 days 23 hours 59 mins                    | @ 999999999 days 23 hours 59 mins
  3 | @ 23 hours 59 mins 59.999998 secs                    | @ 23 hours 59 mins 59.999998 secs
  4 | @ 999999999 days 23 hours                            | @ 999999999 days 23 hours
  5 | @ 23 hours 59 mins                                   | @ 23 hours 59 mins
  6 | @ 59 mins 59.999998 secs                             | @ 59 mins 59.999998 secs
  7 | @ 999999999 days                                     | @ 999999999 days
  8 | @ 23 hours                                           | @ 23 hours
  9 | @ 59 mins                                            | @ 59 mins
 10 | @ 59.999998 secs                                     | @ 59.999998 secs
 11 | @ 999999999 days 23 hours 59 mins 59.999998 secs ago | @ 999999999 days 23 hours 59 mins 59.999998 secs ago
 12 | @ 999999999 days 23 hours 59 mins ago                | 
 13 | @ 23 hours 59 mins 59.999998 secs ago                | 
 14 | @ 999999999 days 23 hours ago                        | 
 15 | @ 23 hours 59 mins ago                               | 
 16 | @ 59 mins 59.999998 secs ago                         | 
 17 | @ 999999999 days ago                                 | 
 18 | @ 23 hours ago                                       | 
 19 | @ 59 mins ago                                        | 
 20 | @ 59.999998 secs ago                                 | 
 21 | @ 1 day 1 hour 1 min 0.000001 secs                   | 
 22 | @ 1 day 1 hour 1 min                                 | 
 23 | @ 1 hour 1 min 0.000001 secs                         | 
 24 | @ 1 day 1 hour                                       | 
 25 | @ 1 hour 1 min                                       | 
 26 | @ 1 min 0.000001 secs                                | 
 27 | @ 1 day                                              | 
 28 | @ 1 hour                                             | 
 29 | @ 1 min                                              | 
 30 | @ 0.000001 secs                                      | 
 31 | @ 1 day 1 hour 1 min 0.000001 secs ago               | 
 32 | @ 1 day 1 hour 1 min ago                             | 
 33 | @ 1 hour 1 min 0.000001 secs ago                     | 
 34 | @ 1 day 1 hour ago                                   | 
 35 | @ 1 hour 1 min ago                                   | 
 36 | @ 1 min 0.000001 secs ago                            | 
 37 | @ 1 day ago                                          | 
 38 | @ 1 hour ago                                         | 
 39 | @ 1 min ago                                          | 
 40 | @ 0.000001 secs ago                                  | 
(40 rows)

SET DateStyle = iso,DMY;
SELECT * FROM ft_interval_ym ORDER BY id;
 id |             val1              |             val2              
----+-------------------------------+-------------------------------
  1 | @ 178000000 years             | @ 178000000 years
  2 | @ 177999999 years 11 mons     | @ 177999999 years 11 mons
  3 | @ 178000000 years 1 mon       | @ 178000000 years 1 mon
  4 | @ 178000000 years ago         | @ 178000000 years ago
  5 | @ 177999999 years 11 mons ago | @ 177999999 years 11 mons ago
  6 | @ 178000000 years 1 mon ago   | @ 178000000 years 1 mon ago
  7 | @ 1 year 1 mon                | @ 1 year 1 mon
  8 | @ 1 year                      | @ 1 year
  9 | @ 1 mon                       | @ 1 mon
 10 | @ 1 year 1 mon ago            | @ 1 year 1 mon ago
 11 | @ 1 year ago                  | @ 1 year ago
 12 | @ 1 mon ago                   | @ 1 mon ago
(12 rows)

SELECT * FROM ft_interval_ds ORDER BY id;
 id |                         val1                         |                         val2                         
----+------------------------------------------------------+------------------------------------------------------
  1 | @ 999999999 days 23 hours 59 mins 59.999998 secs     | @ 999999999 days 23 hours 59 mins 59.999998 secs
  2 | @ 999999999 days 23 hours 59 mins                    | @ 999999999 days 23 hours 59 mins
  3 | @ 23 hours 59 mins 59.999998 secs                    | @ 23 hours 59 mins 59.999998 secs
  4 | @ 999999999 days 23 hours                            | @ 999999999 days 23 hours
  5 | @ 23 hours 59 mins                                   | @ 23 hours 59 mins
  6 | @ 59 mins 59.999998 secs                             | @ 59 mins 59.999998 secs
  7 | @ 999999999 days                                     | @ 999999999 days
  8 | @ 23 hours                                           | @ 23 hours
  9 | @ 59 mins                                            | @ 59 mins
 10 | @ 59.999998 secs                                     | @ 59.999998 secs
 11 | @ 999999999 days 23 hours 59 mins 59.999998 secs ago | @ 999999999 days 23 hours 59 mins 59.999998 secs ago
 12 | @ 999999999 days 23 hours 59 mins ago                | 
 13 | @ 23 hours 59 mins 59.999998 secs ago                | 
 14 | @ 999999999 days 23 hours ago                        | 
 15 | @ 23 hours 59 mins ago                               | 
 16 | @ 59 mins 59.999998 secs ago                         | 
 17 | @ 999999999 days ago                                 | 
 18 | @ 23 hours ago                                       | 
 19 | @ 59 mins ago                                        | 
 20 | @ 59.999998 secs ago                                 | 
 21 | @ 1 day 1 hour 1 min 0.000001 secs                   | 
 22 | @ 1 day 1 hour 1 min                                 | 
 23 | @ 1 hour 1 min 0.000001 secs                         | 
 24 | @ 1 day 1 hour                                       | 
 25 | @ 1 hour 1 min                                       | 
 26 | @ 1 min 0.000001 secs                                | 
 27 | @ 1 day                                              | 
 28 | @ 1 hour                                             | 
 29 | @ 1 min                                              | 
 30 | @ 0.000001 secs                                      | 
 31 | @ 1 day 1 hour 1 min 0.000001 secs ago               | 
 32 | @ 1 day 1 hour 1 min ago                             | 
 33 | @ 1 hour 1 min 0.000001 secs ago                     | 
 34 | @ 1 day 1 hour ago                                   | 
 35 | @ 1 hour 1 min ago                                   | 
 36 | @ 1 min 0.000001 secs ago                            | 
 37 | @ 1 day ago                                          | 
 38 | @ 1 hour ago                                         | 
 39 | @ 1 min ago                                          | 
 40 | @ 0.000001 secs ago                                  | 
(40 rows)

SET DateStyle = iso,MDY;
SELECT * FROM ft_interval_ym ORDER BY id;
 id |             val1              |             val2              
----+-------------------------------+-------------------------------
  1 | @ 178000000 years             | @ 178000000 years
  2 | @ 177999999 years 11 mons     | @ 177999999 years 11 mons
  3 | @ 178000000 years 1 mon       | @ 178000000 years 1 mon
  4 | @ 178000000 years ago         | @ 178000000 years ago
  5 | @ 177999999 years 11 mons ago | @ 177999999 years 11 mons ago
  6 | @ 178000000 years 1 mon ago   | @ 178000000 years 1 mon ago
  7 | @ 1 year 1 mon                | @ 1 year 1 mon
  8 | @ 1 year                      | @ 1 year
  9 | @ 1 mon                       | @ 1 mon
 10 | @ 1 year 1 mon ago            | @ 1 year 1 mon ago
 11 | @ 1 year ago                  | @ 1 year ago
 12 | @ 1 mon ago                   | @ 1 mon ago
(12 rows)

SELECT * FROM ft_interval_ds ORDER BY id;
 id |                         val1                         |                         val2                         
----+------------------------------------------------------+------------------------------------------------------
  1 | @ 999999999 days 23 hours 59 mins 59.999998 secs     | @ 999999999 days 23 hours 59 mins 59.999998 secs
  2 | @ 999999999 days 23 hours 59 mins                    | @ 999999999 days 23 hours 59 mins
  3 | @ 23 hours 59 mins 59.999998 secs                    | @ 23 hours 59 mins 59.999998 secs
  4 | @ 999999999 days 23 hours                            | @ 999999999 days 23 hours
  5 | @ 23 hours 59 mins                                   | @ 23 hours 59 mins
  6 | @ 59 mins 59.999998 secs                             | @ 59 mins 59.999998 secs
  7 | @ 999999999 days                                     | @ 999999999 days
  8 | @ 23 hours                                           | @ 23 hours
  9 | @ 59 mins                                            | @ 59 mins
 10 | @ 59.999998 secs                                     | @ 59.999998 secs
 11 | @ 999999999 days 23 hours 59 mins 59.999998 secs ago | @ 999999999 days 23 hours 59 mins 59.999998 secs ago
 12 | @ 999999999 days 23 hours 59 mins ago                | 
 13 | @ 23 hours 59 mins 59.999998 secs ago                | 
 14 | @ 999999999 days 23 hours ago                        | 
 15 | @ 23 hours 59 mins ago                               | 
 16 | @ 59 mins 59.999998 secs ago                         | 
 17 | @ 999999999 days ago                                 | 
 18 | @ 23 hours ago                                       | 
 19 | @ 59 mins ago                                        | 
 20 | @ 59.999998 secs ago                                 | 
 21 | @ 1 day 1 hour 1 min 0.000001 secs                   | 
 22 | @ 1 day 1 hour 1 min                                 | 
 23 | @ 1 hour 1 min 0.000001 secs                         | 
 24 | @ 1 day 1 hour                                       | 
 25 | @ 1 hour 1 min                                       | 
 26 | @ 1 min 0.000001 secs                                | 
 27 | @ 1 day                                              | 
 28 | @ 1 hour                                             | 
 29 | @ 1 min                                              | 
 30 | @ 0.000001 secs                                      | 
 31 | @ 1 day 1 hour 1 min 0.000001 secs ago               | 
 32 | @ 1 day 1 hour 1 min ago                             | 
 33 | @ 1 hour 1 min 0.000001 secs ago                     | 
 34 | @ 1 day 1 hour ago                                   | 
 35 | @ 1 hour 1 min ago                                   | 
 36 | @ 1 min 0.000001 secs ago                            | 
 37 | @ 1 day ago                                          | 
 38 | @ 1 hour ago                                         | 
 39 | @ 1 min ago                                          | 
 40 | @ 0.000001 secs ago                                  | 
(40 rows)

SET DateStyle = sql,YMD;
SELECT * FROM ft_interval_ym ORDER BY id;
 id |             val1              |             val2              
----+-------------------------------+-------------------------------
  1 | @ 178000000 years             | @ 178000000 years
  2 | @ 177999999 years 11 mons     | @ 177999999 years 11 mons
  3 | @ 178000000 years 1 mon       | @ 178000000 years 1 mon
  4 | @ 178000000 years ago         | @ 178000000 years ago
  5 | @ 177999999 years 11 mons ago | @ 177999999 years 11 mons ago
  6 | @ 178000000 years 1 mon ago   | @ 178000000 years 1 mon ago
  7 | @ 1 year 1 mon                | @ 1 year 1 mon
  8 | @ 1 year                      | @ 1 year
  9 | @ 1 mon                       | @ 1 mon
 10 | @ 1 year 1 mon ago            | @ 1 year 1 mon ago
 11 | @ 1 year ago                  | @ 1 year ago
 12 | @ 1 mon ago                   | @ 1 mon ago
(12 rows)

SELECT * FROM ft_interval_ds ORDER BY id;
 id |                         val1                         |                         val2                         
----+------------------------------------------------------+------------------------------------------------------
  1 | @ 999999999 days 23 hours 59 mins 59.999998 secs     | @ 999999999 days 23 hours 59 mins 59.999998 secs
  2 | @ 999999999 days 23 hours 59 mins                    | @ 999999999 days 23 hours 59 mins
  3 | @ 23 hours 59 mins 59.999998 secs                    | @ 23 hours 59 mins 59.999998 secs
  4 | @ 999999999 days 23 hours                            | @ 999999999 days 23 hours
  5 | @ 23 hours 59 mins                                   | @ 23 hours 59 mins
  6 | @ 59 mins 59.999998 secs                             | @ 59 mins 59.999998 secs
  7 | @ 999999999 days                                     | @ 999999999 days
  8 | @ 23 hours                                           | @ 23 hours
  9 | @ 59 mins                                            | @ 59 mins
 10 | @ 59.999998 secs                                     | @ 59.999998 secs
 11 | @ 999999999 days 23 hours 59 mins 59.999998 secs ago | @ 999999999 days 23 hours 59 mins 59.999998 secs ago
 12 | @ 999999999 days 23 hours 59 mins ago                | 
 13 | @ 23 hours 59 mins 59.999998 secs ago                | 
 14 | @ 999999999 days 23 hours ago                        | 
 15 | @ 23 hours 59 mins ago                               | 
 16 | @ 59 mins 59.999998 secs ago                         | 
 17 | @ 999999999 days ago                                 | 
 18 | @ 23 hours ago                                       | 
 19 | @ 59 mins ago                                        | 
 20 | @ 59.999998 secs ago                                 | 
 21 | @ 1 day 1 hour 1 min 0.000001 secs                   | 
 22 | @ 1 day 1 hour 1 min                                 | 
 23 | @ 1 hour 1 min 0.000001 secs                         | 
 24 | @ 1 day 1 hour                                       | 
 25 | @ 1 hour 1 min                                       | 
 26 | @ 1 min 0.000001 secs                                | 
 27 | @ 1 day                                              | 
 28 | @ 1 hour                                             | 
 29 | @ 1 min                                              | 
 30 | @ 0.000001 secs                                      | 
 31 | @ 1 day 1 hour 1 min 0.000001 secs ago               | 
 32 | @ 1 day 1 hour 1 min ago                             | 
 33 | @ 1 hour 1 min 0.000001 secs ago                     | 
 34 | @ 1 day 1 hour ago                                   | 
 35 | @ 1 hour 1 min ago                                   | 
 36 | @ 1 min 0.000001 secs ago                            | 
 37 | @ 1 day ago                                          | 
 38 | @ 1 hour ago                                         | 
 39 | @ 1 min ago                                          | 
 40 | @ 0.000001 secs ago                                  | 
(40 rows)

SET DateStyle = sql,DMY;
SELECT * FROM ft_interval_ym ORDER BY id;
 id |             val1              |             val2              
----+-------------------------------+-------------------------------
  1 | @ 178000000 years             | @ 178000000 years
  2 | @ 177999999 years 11 mons     | @ 177999999 years 11 mons
  3 | @ 178000000 years 1 mon       | @ 178000000 years 1 mon
  4 | @ 178000000 years ago         | @ 178000000 years ago
  5 | @ 177999999 years 11 mons ago | @ 177999999 years 11 mons ago
  6 | @ 178000000 years 1 mon ago   | @ 178000000 years 1 mon ago
  7 | @ 1 year 1 mon                | @ 1 year 1 mon
  8 | @ 1 year                      | @ 1 year
  9 | @ 1 mon                       | @ 1 mon
 10 | @ 1 year 1 mon ago            | @ 1 year 1 mon ago
 11 | @ 1 year ago                  | @ 1 year ago
 12 | @ 1 mon ago                   | @ 1 mon ago
(12 rows)

SELECT * FROM ft_interval_ds ORDER BY id;
 id |                         val1                         |                         val2                         
----+------------------------------------------------------+------------------------------------------------------
  1 | @ 999999999 days 23 hours 59 mins 59.999998 secs     | @ 999999999 days 23 hours 59 mins 59.999998 secs
  2 | @ 999999999 days 23 hours 59 mins                    | @ 999999999 days 23 hours 59 mins
  3 | @ 23 hours 59 mins 59.999998 secs                    | @ 23 hours 59 mins 59.999998 secs
  4 | @ 999999999 days 23 hours                            | @ 999999999 days 23 hours
  5 | @ 23 hours 59 mins                                   | @ 23 hours 59 mins
  6 | @ 59 mins 59.999998 secs                             | @ 59 mins 59.999998 secs
  7 | @ 999999999 days                                     | @ 999999999 days
  8 | @ 23 hours                                           | @ 23 hours
  9 | @ 59 mins                                            | @ 59 mins
 10 | @ 59.999998 secs                                     | @ 59.999998 secs
 11 | @ 999999999 days 23 hours 59 mins 59.999998 secs ago | @ 999999999 days 23 hours 59 mins 59.999998 secs ago
 12 | @ 999999999 days 23 hours 59 mins ago                | 
 13 | @ 23 hours 59 mins 59.999998 secs ago                | 
 14 | @ 999999999 days 23 hours ago                        | 
 15 | @ 23 hours 59 mins ago                               | 
 16 | @ 59 mins 59.999998 secs ago                         | 
 17 | @ 999999999 days ago                                 | 
 18 | @ 23 hours ago                                       | 
 19 | @ 59 mins ago                                        | 
 20 | @ 59.999998 secs ago                                 | 
 21 | @ 1 day 1 hour 1 min 0.000001 secs                   | 
 22 | @ 1 day 1 hour 1 min                                 | 
 23 | @ 1 hour 1 min 0.000001 secs                         | 
 24 | @ 1 day 1 hour                                       | 
 25 | @ 1 hour 1 min                                       | 
 26 | @ 1 min 0.000001 secs                                | 
 27 | @ 1 day                                              | 
 28 | @ 1 hour                                             | 
 29 | @ 1 min                                              | 
 30 | @ 0.000001 secs                                      | 
 31 | @ 1 day 1 hour 1 min 0.000001 secs ago               | 
 32 | @ 1 day 1 hour 1 min ago                             | 
 33 | @ 1 hour 1 min 0.000001 secs ago                     | 
 34 | @ 1 day 1 hour ago                                   | 
 35 | @ 1 hour 1 min ago                                   | 
 36 | @ 1 min 0.000001 secs ago                            | 
 37 | @ 1 day ago                                          | 
 38 | @ 1 hour ago                                         | 
 39 | @ 1 min ago                                          | 
 40 | @ 0.000001 secs ago                                  | 
(40 rows)

SET DateStyle = sql,MDY;
SELECT * FROM ft_interval_ym ORDER BY id;
 id |             val1              |             val2              
----+-------------------------------+-------------------------------
  1 | @ 178000000 years             | @ 178000000 years
  2 | @ 177999999 years 11 mons     | @ 177999999 years 11 mons
  3 | @ 178000000 years 1 mon       | @ 178000000 years 1 mon
  4 | @ 178000000 years ago         | @ 178000000 years ago
  5 | @ 177999999 years 11 mons ago | @ 177999999 years 11 mons ago
  6 | @ 178000000 years 1 mon ago   | @ 178000000 years 1 mon ago
  7 | @ 1 year 1 mon                | @ 1 year 1 mon
  8 | @ 1 year                      | @ 1 year
  9 | @ 1 mon                       | @ 1 mon
 10 | @ 1 year 1 mon ago            | @ 1 year 1 mon ago
 11 | @ 1 year ago                  | @ 1 year ago
 12 | @ 1 mon ago                   | @ 1 mon ago
(12 rows)

SELECT * FROM ft_interval_ds ORDER BY id;
 id |                         val1                         |                         val2                         
----+------------------------------------------------------+------------------------------------------------------
  1 | @ 999999999 days 23 hours 59 mins 59.999998 secs     | @ 999999999 days 23 hours 59 mins 59.999998 secs
  2 | @ 999999999 days 23 hours 59 mins                    | @ 999999999 days 23 hours 59 mins
  3 | @ 23 hours 59 mins 59.999998 secs                    | @ 23 hours 59 mins 59.999998 secs
  4 | @ 999999999 days 23 hours                            | @ 999999999 days 23 hours
  5 | @ 23 hours 59 mins                                   | @ 23 hours 59 mins
  6 | @ 59 mins 59.999998 secs                             | @ 59 mins 59.999998 secs
  7 | @ 999999999 days                                     | @ 999999999 days
  8 | @ 23 hours                                           | @ 23 hours
  9 | @ 59 mins                                            | @ 59 mins
 10 | @ 59.999998 secs                                     | @ 59.999998 secs
 11 | @ 999999999 days 23 hours 59 mins 59.999998 secs ago | @ 999999999 days 23 hours 59 mins 59.999998 secs ago
 12 | @ 999999999 days 23 hours 59 mins ago                | 
 13 | @ 23 hours 59 mins 59.999998 secs ago                | 
 14 | @ 999999999 days 23 hours ago                        | 
 15 | @ 23 hours 59 mins ago                               | 
 16 | @ 59 mins 59.999998 secs ago                         | 
 17 | @ 999999999 days ago                                 | 
 18 | @ 23 hours ago                                       | 
 19 | @ 59 mins ago                                        | 
 20 | @ 59.999998 secs ago                                 | 
 21 | @ 1 day 1 hour 1 min 0.000001 secs                   | 
 22 | @ 1 day 1 hour 1 min                                 | 
 23 | @ 1 hour 1 min 0.000001 secs                         | 
 24 | @ 1 day 1 hour                                       | 
 25 | @ 1 hour 1 min                                       | 
 26 | @ 1 min 0.000001 secs                                | 
 27 | @ 1 day                                              | 
 28 | @ 1 hour                                             | 
 29 | @ 1 min                                              | 
 30 | @ 0.000001 secs                                      | 
 31 | @ 1 day 1 hour 1 min 0.000001 secs ago               | 
 32 | @ 1 day 1 hour 1 min ago                             | 
 33 | @ 1 hour 1 min 0.000001 secs ago                     | 
 34 | @ 1 day 1 hour ago                                   | 
 35 | @ 1 hour 1 min ago                                   | 
 36 | @ 1 min 0.000001 secs ago                            | 
 37 | @ 1 day ago                                          | 
 38 | @ 1 hour ago                                         | 
 39 | @ 1 min ago                                          | 
 40 | @ 0.000001 secs ago                                  | 
(40 rows)

SET DateStyle = german,YMD;
SELECT * FROM ft_interval_ym ORDER BY id;
 id |             val1              |             val2              
----+-------------------------------+-------------------------------
  1 | @ 178000000 years             | @ 178000000 years
  2 | @ 177999999 years 11 mons     | @ 177999999 years 11 mons
  3 | @ 178000000 years 1 mon       | @ 178000000 years 1 mon
  4 | @ 178000000 years ago         | @ 178000000 years ago
  5 | @ 177999999 years 11 mons ago | @ 177999999 years 11 mons ago
  6 | @ 178000000 years 1 mon ago   | @ 178000000 years 1 mon ago
  7 | @ 1 year 1 mon                | @ 1 year 1 mon
  8 | @ 1 year                      | @ 1 year
  9 | @ 1 mon                       | @ 1 mon
 10 | @ 1 year 1 mon ago            | @ 1 year 1 mon ago
 11 | @ 1 year ago                  | @ 1 year ago
 12 | @ 1 mon ago                   | @ 1 mon ago
(12 rows)

SELECT * FROM ft_interval_ds ORDER BY id;
 id |                         val1                         |                         val2                         
----+------------------------------------------------------+------------------------------------------------------
  1 | @ 999999999 days 23 hours 59 mins 59.999998 secs     | @ 999999999 days 23 hours 59 mins 59.999998 secs
  2 | @ 999999999 days 23 hours 59 mins                    | @ 999999999 days 23 hours 59 mins
  3 | @ 23 hours 59 mins 59.999998 secs                    | @ 23 hours 59 mins 59.999998 secs
  4 | @ 999999999 days 23 hours                            | @ 999999999 days 23 hours
  5 | @ 23 hours 59 mins                                   | @ 23 hours 59 mins
  6 | @ 59 mins 59.999998 secs                             | @ 59 mins 59.999998 secs
  7 | @ 999999999 days                                     | @ 999999999 days
  8 | @ 23 hours                                           | @ 23 hours
  9 | @ 59 mins                                            | @ 59 mins
 10 | @ 59.999998 secs                                     | @ 59.999998 secs
 11 | @ 999999999 days 23 hours 59 mins 59.999998 secs ago | @ 999999999 days 23 hours 59 mins 59.999998 secs ago
 12 | @ 999999999 days 23 hours 59 mins ago                | 
 13 | @ 23 hours 59 mins 59.999998 secs ago                | 
 14 | @ 999999999 days 23 hours ago                        | 
 15 | @ 23 hours 59 mins ago                               | 
 16 | @ 59 mins 59.999998 secs ago                         | 
 17 | @ 999999999 days ago                                 | 
 18 | @ 23 hours ago                                       | 
 19 | @ 59 mins ago                                        | 
 20 | @ 59.999998 secs ago                                 | 
 21 | @ 1 day 1 hour 1 min 0.000001 secs                   | 
 22 | @ 1 day 1 hour 1 min                                 | 
 23 | @ 1 hour 1 min 0.000001 secs                         | 
 24 | @ 1 day 1 hour                                       | 
 25 | @ 1 hour 1 min                                       | 
 26 | @ 1 min 0.000001 secs                                | 
 27 | @ 1 day                                              | 
 28 | @ 1 hour                                             | 
 29 | @ 1 min                                              | 
 30 | @ 0.000001 secs                                      | 
 31 | @ 1 day 1 hour 1 min 0.000001 secs ago               | 
 32 | @ 1 day 1 hour 1 min ago                             | 
 33 | @ 1 hour 1 min 0.000001 secs ago                     | 
 34 | @ 1 day 1 hour ago                                   | 
 35 | @ 1 hour 1 min ago                                   | 
 36 | @ 1 min 0.000001 secs ago                            | 
 37 | @ 1 day ago                                          | 
 38 | @ 1 hour ago                                         | 
 39 | @ 1 min ago                                          | 
 40 | @ 0.000001 secs ago                                  | 
(40 rows)

SET DateStyle = german,DMY;
SELECT * FROM ft_interval_ym ORDER BY id;
 id |             val1              |             val2              
----+-------------------------------+-------------------------------
  1 | @ 178000000 years             | @ 178000000 years
  2 | @ 177999999 years 11 mons     | @ 177999999 years 11 mons
  3 | @ 178000000 years 1 mon       | @ 178000000 years 1 mon
  4 | @ 178000000 years ago         | @ 178000000 years ago
  5 | @ 177999999 years 11 mons ago | @ 177999999 years 11 mons ago
  6 | @ 178000000 years 1 mon ago   | @ 178000000 years 1 mon ago
  7 | @ 1 year 1 mon                | @ 1 year 1 mon
  8 | @ 1 year                      | @ 1 year
  9 | @ 1 mon                       | @ 1 mon
 10 | @ 1 year 1 mon ago            | @ 1 year 1 mon ago
 11 | @ 1 year ago                  | @ 1 year ago
 12 | @ 1 mon ago                   | @ 1 mon ago
(12 rows)

SELECT * FROM ft_interval_ds ORDER BY id;
 id |                         val1                         |                         val2                         
----+------------------------------------------------------+------------------------------------------------------
  1 | @ 999999999 days 23 hours 59 mins 59.999998 secs     | @ 999999999 days 23 hours 59 mins 59.999998 secs
  2 | @ 999999999 days 23 hours 59 mins                    | @ 999999999 days 23 hours 59 mins
  3 | @ 23 hours 59 mins 59.999998 secs                    | @ 23 hours 59 mins 59.999998 secs
  4 | @ 999999999 days 23 hours                            | @ 999999999 days 23 hours
  5 | @ 23 hours 59 mins                                   | @ 23 hours 59 mins
  6 | @ 59 mins 59.999998 secs                             | @ 59 mins 59.999998 secs
  7 | @ 999999999 days                                     | @ 999999999 days
  8 | @ 23 hours                                           | @ 23 hours
  9 | @ 59 mins                                            | @ 59 mins
 10 | @ 59.999998 secs                                     | @ 59.999998 secs
 11 | @ 999999999 days 23 hours 59 mins 59.999998 secs ago | @ 999999999 days 23 hours 59 mins 59.999998 secs ago
 12 | @ 999999999 days 23 hours 59 mins ago                | 
 13 | @ 23 hours 59 mins 59.999998 secs ago                | 
 14 | @ 999999999 days 23 hours ago                        | 
 15 | @ 23 hours 59 mins ago                               | 
 16 | @ 59 mins 59.999998 secs ago                         | 
 17 | @ 999999999 days ago                                 | 
 18 | @ 23 hours ago                                       | 
 19 | @ 59 mins ago                                        | 
 20 | @ 59.999998 secs ago                                 | 
 21 | @ 1 day 1 hour 1 min 0.000001 secs                   | 
 22 | @ 1 day 1 hour 1 min                                 | 
 23 | @ 1 hour 1 min 0.000001 secs                         | 
 24 | @ 1 day 1 hour                                       | 
 25 | @ 1 hour 1 min                                       | 
 26 | @ 1 min 0.000001 secs                                | 
 27 | @ 1 day                                              | 
 28 | @ 1 hour                                             | 
 29 | @ 1 min                                              | 
 30 | @ 0.000001 secs                                      | 
 31 | @ 1 day 1 hour 1 min 0.000001 secs ago               | 
 32 | @ 1 day 1 hour 1 min ago                             | 
 33 | @ 1 hour 1 min 0.000001 secs ago                     | 
 34 | @ 1 day 1 hour ago                                   | 
 35 | @ 1 hour 1 min ago                                   | 
 36 | @ 1 min 0.000001 secs ago                            | 
 37 | @ 1 day ago                                          | 
 38 | @ 1 hour ago                                         | 
 39 | @ 1 min ago                                          | 
 40 | @ 0.000001 secs ago                                  | 
(40 rows)

SET DateStyle = german,MDY;
SELECT * FROM ft_interval_ym ORDER BY id;
 id |             val1              |             val2              
----+-------------------------------+-------------------------------
  1 | @ 178000000 years             | @ 178000000 years
  2 | @ 177999999 years 11 mons     | @ 177999999 years 11 mons
  3 | @ 178000000 years 1 mon       | @ 178000000 years 1 mon
  4 | @ 178000000 years ago         | @ 178000000 years ago
  5 | @ 177999999 years 11 mons ago | @ 177999999 years 11 mons ago
  6 | @ 178000000 years 1 mon ago   | @ 178000000 years 1 mon ago
  7 | @ 1 year 1 mon                | @ 1 year 1 mon
  8 | @ 1 year                      | @ 1 year
  9 | @ 1 mon                       | @ 1 mon
 10 | @ 1 year 1 mon ago            | @ 1 year 1 mon ago
 11 | @ 1 year ago                  | @ 1 year ago
 12 | @ 1 mon ago                   | @ 1 mon ago
(12 rows)

SELECT * FROM ft_interval_ds ORDER BY id;
 id |                         val1                         |                         val2                         
----+------------------------------------------------------+------------------------------------------------------
  1 | @ 999999999 days 23 hours 59 mins 59.999998 secs     | @ 999999999 days 23 hours 59 mins 59.999998 secs
  2 | @ 999999999 days 23 hours 59 mins                    | @ 999999999 days 23 hours 59 mins
  3 | @ 23 hours 59 mins 59.999998 secs                    | @ 23 hours 59 mins 59.999998 secs
  4 | @ 999999999 days 23 hours                            | @ 999999999 days 23 hours
  5 | @ 23 hours 59 mins                                   | @ 23 hours 59 mins
  6 | @ 59 mins 59.999998 secs                             | @ 59 mins 59.999998 secs
  7 | @ 999999999 days                                     | @ 999999999 days
  8 | @ 23 hours                                           | @ 23 hours
  9 | @ 59 mins                                            | @ 59 mins
 10 | @ 59.999998 secs                                     | @ 59.999998 secs
 11 | @ 999999999 days 23 hours 59 mins 59.999998 secs ago | @ 999999999 days 23 hours 59 mins 59.999998 secs ago
 12 | @ 999999999 days 23 hours 59 mins ago                | 
 13 | @ 23 hours 59 mins 59.999998 secs ago                | 
 14 | @ 999999999 days 23 hours ago                        | 
 15 | @ 23 hours 59 mins ago                               | 
 16 | @ 59 mins 59.999998 secs ago                         | 
 17 | @ 999999999 days ago                                 | 
 18 | @ 23 hours ago                                       | 
 19 | @ 59 mins ago                                        | 
 20 | @ 59.999998 secs ago                                 | 
 21 | @ 1 day 1 hour 1 min 0.000001 secs                   | 
 22 | @ 1 day 1 hour 1 min                                 | 
 23 | @ 1 hour 1 min 0.000001 secs                         | 
 24 | @ 1 day 1 hour                                       | 
 25 | @ 1 hour 1 min                                       | 
 26 | @ 1 min 0.000001 secs                                | 
 27 | @ 1 day                                              | 
 28 | @ 1 hour                                             | 
 29 | @ 1 min                                              | 
 30 | @ 0.000001 secs                                      | 
 31 | @ 1 day 1 hour 1 min 0.000001 secs ago               | 
 32 | @ 1 day 1 hour 1 min ago                             | 
 33 | @ 1 hour 1 min 0.000001 secs ago                     | 
 34 | @ 1 day 1 hour ago                                   | 
 35 | @ 1 hour 1 min ago                                   | 
 36 | @ 1 min 0.000001 secs ago                            | 
 37 | @ 1 day ago                                          | 
 38 | @ 1 hour ago                                         | 
 39 | @ 1 min ago                                          | 
 40 | @ 0.000001 secs ago                                  | 
(40 rows)

SET IntervalStyle = iso_8601;
SET DateStyle = postgres,YMD;
SELECT * FROM ft_interval_ym ORDER BY id;
 id |       val1       |       val2       
----+------------------+------------------
  1 | P178000000Y      | P178000000Y
  2 | P177999999Y11M   | P177999999Y11M
  3 | P178000000Y1M    | P178000000Y1M
  4 | P-178000000Y     | P-178000000Y
  5 | P-177999999Y-11M | P-177999999Y-11M
  6 | P-178000000Y-1M  | P-178000000Y-1M
  7 | P1Y1M            | P1Y1M
  8 | P1Y              | P1Y
  9 | P1M              | P1M
 10 | P-1Y-1M          | P-1Y-1M
 11 | P-1Y             | P-1Y
 12 | P-1M             | P-1M
(12 rows)

SELECT * FROM ft_interval_ds ORDER BY id;
 id |               val1               |               val2               
----+----------------------------------+----------------------------------
  1 | P999999999DT23H59M59.999998S     | P999999999DT23H59M59.999998S
  2 | P999999999DT23H59M               | P999999999DT23H59M
  3 | PT23H59M59.999998S               | PT23H59M59.999998S
  4 | P999999999DT23H                  | P999999999DT23H
  5 | PT23H59M                         | PT23H59M
  6 | PT59M59.999998S                  | PT59M59.999998S
  7 | P999999999D                      | P999999999D
  8 | PT23H                            | PT23H
  9 | PT59M                            | PT59M
 10 | PT59.999998S                     | PT59.999998S
 11 | P-999999999DT-23H-59M-59.999998S | P-999999999DT-23H-59M-59.999998S
 12 | P-999999999DT-23H-59M            | 
 13 | PT-23H-59M-59.999998S            | 
 14 | P-999999999DT-23H                | 
 15 | PT-23H-59M                       | 
 16 | PT-59M-59.999998S                | 
 17 | P-999999999D                     | 
 18 | PT-23H                           | 
 19 | PT-59M                           | 
 20 | PT-59.999998S                    | 
 21 | P1DT1H1M0.000001S                | 
 22 | P1DT1H1M                         | 
 23 | PT1H1M0.000001S                  | 
 24 | P1DT1H                           | 
 25 | PT1H1M                           | 
 26 | PT1M0.000001S                    | 
 27 | P1D                              | 
 28 | PT1H                             | 
 29 | PT1M                             | 
 30 | PT0.000001S                      | 
 31 | P-1DT-1H-1M-0.000001S            | 
 32 | P-1DT-1H-1M                      | 
 33 | PT-1H-1M-0.000001S               | 
 34 | P-1DT-1H                         | 
 35 | PT-1H-1M                         | 
 36 | PT-1M-0.000001S                  | 
 37 | P-1D                             | 
 38 | PT-1H                            | 
 39 | PT-1M                            | 
 40 | PT-0.000001S                     | 
(40 rows)

SET DateStyle = postgres,DMY;
SELECT * FROM ft_interval_ym ORDER BY id;
 id |       val1       |       val2       
----+------------------+------------------
  1 | P178000000Y      | P178000000Y
  2 | P177999999Y11M   | P177999999Y11M
  3 | P178000000Y1M    | P178000000Y1M
  4 | P-178000000Y     | P-178000000Y
  5 | P-177999999Y-11M | P-177999999Y-11M
  6 | P-178000000Y-1M  | P-178000000Y-1M
  7 | P1Y1M            | P1Y1M
  8 | P1Y              | P1Y
  9 | P1M              | P1M
 10 | P-1Y-1M          | P-1Y-1M
 11 | P-1Y             | P-1Y
 12 | P-1M             | P-1M
(12 rows)

SELECT * FROM ft_interval_ds ORDER BY id;
 id |               val1               |               val2               
----+----------------------------------+----------------------------------
  1 | P999999999DT23H59M59.999998S     | P999999999DT23H59M59.999998S
  2 | P999999999DT23H59M               | P999999999DT23H59M
  3 | PT23H59M59.999998S               | PT23H59M59.999998S
  4 | P999999999DT23H                  | P999999999DT23H
  5 | PT23H59M                         | PT23H59M
  6 | PT59M59.999998S                  | PT59M59.999998S
  7 | P999999999D                      | P999999999D
  8 | PT23H                            | PT23H
  9 | PT59M                            | PT59M
 10 | PT59.999998S                     | PT59.999998S
 11 | P-999999999DT-23H-59M-59.999998S | P-999999999DT-23H-59M-59.999998S
 12 | P-999999999DT-23H-59M            | 
 13 | PT-23H-59M-59.999998S            | 
 14 | P-999999999DT-23H                | 
 15 | PT-23H-59M                       | 
 16 | PT-59M-59.999998S                | 
 17 | P-999999999D                     | 
 18 | PT-23H                           | 
 19 | PT-59M                           | 
 20 | PT-59.999998S                    | 
 21 | P1DT1H1M0.000001S                | 
 22 | P1DT1H1M                         | 
 23 | PT1H1M0.000001S                  | 
 24 | P1DT1H                           | 
 25 | PT1H1M                           | 
 26 | PT1M0.000001S                    | 
 27 | P1D                              | 
 28 | PT1H                             | 
 29 | PT1M                             | 
 30 | PT0.000001S                      | 
 31 | P-1DT-1H-1M-0.000001S            | 
 32 | P-1DT-1H-1M                      | 
 33 | PT-1H-1M-0.000001S               | 
 34 | P-1DT-1H                         | 
 35 | PT-1H-1M                         | 
 36 | PT-1M-0.000001S                  | 
 37 | P-1D                             | 
 38 | PT-1H                            | 
 39 | PT-1M                            | 
 40 | PT-0.000001S                     | 
(40 rows)

SET DateStyle = postgres,MDY;
SELECT * FROM ft_interval_ym ORDER BY id;
 id |       val1       |       val2       
----+------------------+------------------
  1 | P178000000Y      | P178000000Y
  2 | P177999999Y11M   | P177999999Y11M
  3 | P178000000Y1M    | P178000000Y1M
  4 | P-178000000Y     | P-178000000Y
  5 | P-177999999Y-11M | P-177999999Y-11M
  6 | P-178000000Y-1M  | P-178000000Y-1M
  7 | P1Y1M            | P1Y1M
  8 | P1Y              | P1Y
  9 | P1M              | P1M
 10 | P-1Y-1M          | P-1Y-1M
 11 | P-1Y             | P-1Y
 12 | P-1M             | P-1M
(12 rows)

SELECT * FROM ft_interval_ds ORDER BY id;
 id |               val1               |               val2               
----+----------------------------------+----------------------------------
  1 | P999999999DT23H59M59.999998S     | P999999999DT23H59M59.999998S
  2 | P999999999DT23H59M               | P999999999DT23H59M
  3 | PT23H59M59.999998S               | PT23H59M59.999998S
  4 | P999999999DT23H                  | P999999999DT23H
  5 | PT23H59M                         | PT23H59M
  6 | PT59M59.999998S                  | PT59M59.999998S
  7 | P999999999D                      | P999999999D
  8 | PT23H                            | PT23H
  9 | PT59M                            | PT59M
 10 | PT59.999998S                     | PT59.999998S
 11 | P-999999999DT-23H-59M-59.999998S | P-999999999DT-23H-59M-59.999998S
 12 | P-999999999DT-23H-59M            | 
 13 | PT-23H-59M-59.999998S            | 
 14 | P-999999999DT-23H                | 
 15 | PT-23H-59M                       | 
 16 | PT-59M-59.999998S                | 
 17 | P-999999999D                     | 
 18 | PT-23H                           | 
 19 | PT-59M                           | 
 20 | PT-59.999998S                    | 
 21 | P1DT1H1M0.000001S                | 
 22 | P1DT1H1M                         | 
 23 | PT1H1M0.000001S                  | 
 24 | P1DT1H                           | 
 25 | PT1H1M                           | 
 26 | PT1M0.000001S                    | 
 27 | P1D                              | 
 28 | PT1H                             | 
 29 | PT1M                             | 
 30 | PT0.000001S                      | 
 31 | P-1DT-1H-1M-0.000001S            | 
 32 | P-1DT-1H-1M                      | 
 33 | PT-1H-1M-0.000001S               | 
 34 | P-1DT-1H                         | 
 35 | PT-1H-1M                         | 
 36 | PT-1M-0.000001S                  | 
 37 | P-1D                             | 
 38 | PT-1H                            | 
 39 | PT-1M                            | 
 40 | PT-0.000001S                     | 
(40 rows)

SET DateStyle = iso,YMD;
SELECT * FROM ft_interval_ym ORDER BY id;
 id |       val1       |       val2       
----+------------------+------------------
  1 | P178000000Y      | P178000000Y
  2 | P177999999Y11M   | P177999999Y11M
  3 | P178000000Y1M    | P178000000Y1M
  4 | P-178000000Y     | P-178000000Y
  5 | P-177999999Y-11M | P-177999999Y-11M
  6 | P-178000000Y-1M  | P-178000000Y-1M
  7 | P1Y1M            | P1Y1M
  8 | P1Y              | P1Y
  9 | P1M              | P1M
 10 | P-1Y-1M          | P-1Y-1M
 11 | P-1Y             | P-1Y
 12 | P-1M             | P-1M
(12 rows)

SELECT * FROM ft_interval_ds ORDER BY id;
 id |               val1               |               val2               
----+----------------------------------+----------------------------------
  1 | P999999999DT23H59M59.999998S     | P999999999DT23H59M59.999998S
  2 | P999999999DT23H59M               | P999999999DT23H59M
  3 | PT23H59M59.999998S               | PT23H59M59.999998S
  4 | P999999999DT23H                  | P999999999DT23H
  5 | PT23H59M                         | PT23H59M
  6 | PT59M59.999998S                  | PT59M59.999998S
  7 | P999999999D                      | P999999999D
  8 | PT23H                            | PT23H
  9 | PT59M                            | PT59M
 10 | PT59.999998S                     | PT59.999998S
 11 | P-999999999DT-23H-59M-59.999998S | P-999999999DT-23H-59M-59.999998S
 12 | P-999999999DT-23H-59M            | 
 13 | PT-23H-59M-59.999998S            | 
 14 | P-999999999DT-23H                | 
 15 | PT-23H-59M                       | 
 16 | PT-59M-59.999998S                | 
 17 | P-999999999D                     | 
 18 | PT-23H                           | 
 19 | PT-59M                           | 
 20 | PT-59.999998S                    | 
 21 | P1DT1H1M0.000001S                | 
 22 | P1DT1H1M                         | 
 23 | PT1H1M0.000001S                  | 
 24 | P1DT1H                           | 
 25 | PT1H1M                           | 
 26 | PT1M0.000001S                    | 
 27 | P1D                              | 
 28 | PT1H                             | 
 29 | PT1M                             | 
 30 | PT0.000001S                      | 
 31 | P-1DT-1H-1M-0.000001S            | 
 32 | P-1DT-1H-1M                      | 
 33 | PT-1H-1M-0.000001S               | 
 34 | P-1DT-1H                         | 
 35 | PT-1H-1M                         | 
 36 | PT-1M-0.000001S                  | 
 37 | P-1D                             | 
 38 | PT-1H                            | 
 39 | PT-1M                            | 
 40 | PT-0.000001S                     | 
(40 rows)

SET DateStyle = iso,DMY;
SELECT * FROM ft_interval_ym ORDER BY id;
 id |       val1       |       val2       
----+------------------+------------------
  1 | P178000000Y      | P178000000Y
  2 | P177999999Y11M   | P177999999Y11M
  3 | P178000000Y1M    | P178000000Y1M
  4 | P-178000000Y     | P-178000000Y
  5 | P-177999999Y-11M | P-177999999Y-11M
  6 | P-178000000Y-1M  | P-178000000Y-1M
  7 | P1Y1M            | P1Y1M
  8 | P1Y              | P1Y
  9 | P1M              | P1M
 10 | P-1Y-1M          | P-1Y-1M
 11 | P-1Y             | P-1Y
 12 | P-1M             | P-1M
(12 rows)

SELECT * FROM ft_interval_ds ORDER BY id;
 id |               val1               |               val2               
----+----------------------------------+----------------------------------
  1 | P999999999DT23H59M59.999998S     | P999999999DT23H59M59.999998S
  2 | P999999999DT23H59M               | P999999999DT23H59M
  3 | PT23H59M59.999998S               | PT23H59M59.999998S
  4 | P999999999DT23H                  | P999999999DT23H
  5 | PT23H59M                         | PT23H59M
  6 | PT59M59.999998S                  | PT59M59.999998S
  7 | P999999999D                      | P999999999D
  8 | PT23H                            | PT23H
  9 | PT59M                            | PT59M
 10 | PT59.999998S                     | PT59.999998S
 11 | P-999999999DT-23H-59M-59.999998S | P-999999999DT-23H-59M-59.999998S
 12 | P-999999999DT-23H-59M            | 
 13 | PT-23H-59M-59.999998S            | 
 14 | P-999999999DT-23H                | 
 15 | PT-23H-59M                       | 
 16 | PT-59M-59.999998S                | 
 17 | P-999999999D                     | 
 18 | PT-23H                           | 
 19 | PT-59M                           | 
 20 | PT-59.999998S                    | 
 21 | P1DT1H1M0.000001S                | 
 22 | P1DT1H1M                         | 
 23 | PT1H1M0.000001S                  | 
 24 | P1DT1H                           | 
 25 | PT1H1M                           | 
 26 | PT1M0.000001S                    | 
 27 | P1D                              | 
 28 | PT1H                             | 
 29 | PT1M                             | 
 30 | PT0.000001S                      | 
 31 | P-1DT-1H-1M-0.000001S            | 
 32 | P-1DT-1H-1M                      | 
 33 | PT-1H-1M-0.000001S               | 
 34 | P-1DT-1H                         | 
 35 | PT-1H-1M                         | 
 36 | PT-1M-0.000001S                  | 
 37 | P-1D                             | 
 38 | PT-1H                            | 
 39 | PT-1M                            | 
 40 | PT-0.000001S                     | 
(40 rows)

SET DateStyle = iso,MDY;
SELECT * FROM ft_interval_ym ORDER BY id;
 id |       val1       |       val2       
----+------------------+------------------
  1 | P178000000Y      | P178000000Y
  2 | P177999999Y11M   | P177999999Y11M
  3 | P178000000Y1M    | P178000000Y1M
  4 | P-178000000Y     | P-178000000Y
  5 | P-177999999Y-11M | P-177999999Y-11M
  6 | P-178000000Y-1M  | P-178000000Y-1M
  7 | P1Y1M            | P1Y1M
  8 | P1Y              | P1Y
  9 | P1M              | P1M
 10 | P-1Y-1M          | P-1Y-1M
 11 | P-1Y             | P-1Y
 12 | P-1M             | P-1M
(12 rows)

SELECT * FROM ft_interval_ds ORDER BY id;
 id |               val1               |               val2               
----+----------------------------------+----------------------------------
  1 | P999999999DT23H59M59.999998S     | P999999999DT23H59M59.999998S
  2 | P999999999DT23H59M               | P999999999DT23H59M
  3 | PT23H59M59.999998S               | PT23H59M59.999998S
  4 | P999999999DT23H                  | P999999999DT23H
  5 | PT23H59M                         | PT23H59M
  6 | PT59M59.999998S                  | PT59M59.999998S
  7 | P999999999D                      | P999999999D
  8 | PT23H                            | PT23H
  9 | PT59M                            | PT59M
 10 | PT59.999998S                     | PT59.999998S
 11 | P-999999999DT-23H-59M-59.999998S | P-999999999DT-23H-59M-59.999998S
 12 | P-999999999DT-23H-59M            | 
 13 | PT-23H-59M-59.999998S            | 
 14 | P-999999999DT-23H                | 
 15 | PT-23H-59M                       | 
 16 | PT-59M-59.999998S                | 
 17 | P-999999999D                     | 
 18 | PT-23H                           | 
 19 | PT-59M                           | 
 20 | PT-59.999998S                    | 
 21 | P1DT1H1M0.000001S                | 
 22 | P1DT1H1M                         | 
 23 | PT1H1M0.000001S                  | 
 24 | P1DT1H                           | 
 25 | PT1H1M                           | 
 26 | PT1M0.000001S                    | 
 27 | P1D                              | 
 28 | PT1H                             | 
 29 | PT1M                             | 
 30 | PT0.000001S                      | 
 31 | P-1DT-1H-1M-0.000001S            | 
 32 | P-1DT-1H-1M                      | 
 33 | PT-1H-1M-0.000001S               | 
 34 | P-1DT-1H                         | 
 35 | PT-1H-1M                         | 
 36 | PT-1M-0.000001S                  | 
 37 | P-1D                             | 
 38 | PT-1H                            | 
 39 | PT-1M                            | 
 40 | PT-0.000001S                     | 
(40 rows)

SET DateStyle = sql,YMD;
SELECT * FROM ft_interval_ym ORDER BY id;
 id |       val1       |       val2       
----+------------------+------------------
  1 | P178000000Y      | P178000000Y
  2 | P177999999Y11M   | P177999999Y11M
  3 | P178000000Y1M    | P178000000Y1M
  4 | P-178000000Y     | P-178000000Y
  5 | P-177999999Y-11M | P-177999999Y-11M
  6 | P-178000000Y-1M  | P-178000000Y-1M
  7 | P1Y1M            | P1Y1M
  8 | P1Y              | P1Y
  9 | P1M              | P1M
 10 | P-1Y-1M          | P-1Y-1M
 11 | P-1Y             | P-1Y
 12 | P-1M             | P-1M
(12 rows)

SELECT * FROM ft_interval_ds ORDER BY id;
 id |               val1               |               val2               
----+----------------------------------+----------------------------------
  1 | P999999999DT23H59M59.999998S     | P999999999DT23H59M59.999998S
  2 | P999999999DT23H59M               | P999999999DT23H59M
  3 | PT23H59M59.999998S               | PT23H59M59.999998S
  4 | P999999999DT23H                  | P999999999DT23H
  5 | PT23H59M                         | PT23H59M
  6 | PT59M59.999998S                  | PT59M59.999998S
  7 | P999999999D                      | P999999999D
  8 | PT23H                            | PT23H
  9 | PT59M                            | PT59M
 10 | PT59.999998S                     | PT59.999998S
 11 | P-999999999DT-23H-59M-59.999998S | P-999999999DT-23H-59M-59.999998S
 12 | P-999999999DT-23H-59M            | 
 13 | PT-23H-59M-59.999998S            | 
 14 | P-999999999DT-23H                | 
 15 | PT-23H-59M                       | 
 16 | PT-59M-59.999998S                | 
 17 | P-999999999D                     | 
 18 | PT-23H                           | 
 19 | PT-59M                           | 
 20 | PT-59.999998S                    | 
 21 | P1DT1H1M0.000001S                | 
 22 | P1DT1H1M                         | 
 23 | PT1H1M0.000001S                  | 
 24 | P1DT1H                           | 
 25 | PT1H1M                           | 
 26 | PT1M0.000001S                    | 
 27 | P1D                              | 
 28 | PT1H                             | 
 29 | PT1M                             | 
 30 | PT0.000001S                      | 
 31 | P-1DT-1H-1M-0.000001S            | 
 32 | P-1DT-1H-1M                      | 
 33 | PT-1H-1M-0.000001S               | 
 34 | P-1DT-1H                         | 
 35 | PT-1H-1M                         | 
 36 | PT-1M-0.000001S                  | 
 37 | P-1D                             | 
 38 | PT-1H                            | 
 39 | PT-1M                            | 
 40 | PT-0.000001S                     | 
(40 rows)

SET DateStyle = sql,DMY;
SELECT * FROM ft_interval_ym ORDER BY id;
 id |       val1       |       val2       
----+------------------+------------------
  1 | P178000000Y      | P178000000Y
  2 | P177999999Y11M   | P177999999Y11M
  3 | P178000000Y1M    | P178000000Y1M
  4 | P-178000000Y     | P-178000000Y
  5 | P-177999999Y-11M | P-177999999Y-11M
  6 | P-178000000Y-1M  | P-178000000Y-1M
  7 | P1Y1M            | P1Y1M
  8 | P1Y              | P1Y
  9 | P1M              | P1M
 10 | P-1Y-1M          | P-1Y-1M
 11 | P-1Y             | P-1Y
 12 | P-1M             | P-1M
(12 rows)

SELECT * FROM ft_interval_ds ORDER BY id;
 id |               val1               |               val2               
----+----------------------------------+----------------------------------
  1 | P999999999DT23H59M59.999998S     | P999999999DT23H59M59.999998S
  2 | P999999999DT23H59M               | P999999999DT23H59M
  3 | PT23H59M59.999998S               | PT23H59M59.999998S
  4 | P999999999DT23H                  | P999999999DT23H
  5 | PT23H59M                         | PT23H59M
  6 | PT59M59.999998S                  | PT59M59.999998S
  7 | P999999999D                      | P999999999D
  8 | PT23H                            | PT23H
  9 | PT59M                            | PT59M
 10 | PT59.999998S                     | PT59.999998S
 11 | P-999999999DT-23H-59M-59.999998S | P-999999999DT-23H-59M-59.999998S
 12 | P-999999999DT-23H-59M            | 
 13 | PT-23H-59M-59.999998S            | 
 14 | P-999999999DT-23H                | 
 15 | PT-23H-59M                       | 
 16 | PT-59M-59.999998S                | 
 17 | P-999999999D                     | 
 18 | PT-23H                           | 
 19 | PT-59M                           | 
 20 | PT-59.999998S                    | 
 21 | P1DT1H1M0.000001S                | 
 22 | P1DT1H1M                         | 
 23 | PT1H1M0.000001S                  | 
 24 | P1DT1H                           | 
 25 | PT1H1M                           | 
 26 | PT1M0.000001S                    | 
 27 | P1D                              | 
 28 | PT1H                             | 
 29 | PT1M                             | 
 30 | PT0.000001S                      | 
 31 | P-1DT-1H-1M-0.000001S            | 
 32 | P-1DT-1H-1M                      | 
 33 | PT-1H-1M-0.000001S               | 
 34 | P-1DT-1H                         | 
 35 | PT-1H-1M                         | 
 36 | PT-1M-0.000001S                  | 
 37 | P-1D                             | 
 38 | PT-1H                            | 
 39 | PT-1M                            | 
 40 | PT-0.000001S                     | 
(40 rows)

SET DateStyle = sql,MDY;
SELECT * FROM ft_interval_ym ORDER BY id;
 id |       val1       |       val2       
----+------------------+------------------
  1 | P178000000Y      | P178000000Y
  2 | P177999999Y11M   | P177999999Y11M
  3 | P178000000Y1M    | P178000000Y1M
  4 | P-178000000Y     | P-178000000Y
  5 | P-177999999Y-11M | P-177999999Y-11M
  6 | P-178000000Y-1M  | P-178000000Y-1M
  7 | P1Y1M            | P1Y1M
  8 | P1Y              | P1Y
  9 | P1M              | P1M
 10 | P-1Y-1M          | P-1Y-1M
 11 | P-1Y             | P-1Y
 12 | P-1M             | P-1M
(12 rows)

SELECT * FROM ft_interval_ds ORDER BY id;
 id |               val1               |               val2               
----+----------------------------------+----------------------------------
  1 | P999999999DT23H59M59.999998S     | P999999999DT23H59M59.999998S
  2 | P999999999DT23H59M               | P999999999DT23H59M
  3 | PT23H59M59.999998S               | PT23H59M59.999998S
  4 | P999999999DT23H                  | P999999999DT23H
  5 | PT23H59M                         | PT23H59M
  6 | PT59M59.999998S                  | PT59M59.999998S
  7 | P999999999D                      | P999999999D
  8 | PT23H                            | PT23H
  9 | PT59M                            | PT59M
 10 | PT59.999998S                     | PT59.999998S
 11 | P-999999999DT-23H-59M-59.999998S | P-999999999DT-23H-59M-59.999998S
 12 | P-999999999DT-23H-59M            | 
 13 | PT-23H-59M-59.999998S            | 
 14 | P-999999999DT-23H                | 
 15 | PT-23H-59M                       | 
 16 | PT-59M-59.999998S                | 
 17 | P-999999999D                     | 
 18 | PT-23H                           | 
 19 | PT-59M                           | 
 20 | PT-59.999998S                    | 
 21 | P1DT1H1M0.000001S                | 
 22 | P1DT1H1M                         | 
 23 | PT1H1M0.000001S                  | 
 24 | P1DT1H                           | 
 25 | PT1H1M                           | 
 26 | PT1M0.000001S                    | 
 27 | P1D                              | 
 28 | PT1H                             | 
 29 | PT1M                             | 
 30 | PT0.000001S                      | 
 31 | P-1DT-1H-1M-0.000001S            | 
 32 | P-1DT-1H-1M                      | 
 33 | PT-1H-1M-0.000001S               | 
 34 | P-1DT-1H                         | 
 35 | PT-1H-1M                         | 
 36 | PT-1M-0.000001S                  | 
 37 | P-1D                             | 
 38 | PT-1H                            | 
 39 | PT-1M                            | 
 40 | PT-0.000001S                     | 
(40 rows)

SET DateStyle = german,YMD;
SELECT * FROM ft_interval_ym ORDER BY id;
 id |       val1       |       val2       
----+------------------+------------------
  1 | P178000000Y      | P178000000Y
  2 | P177999999Y11M   | P177999999Y11M
  3 | P178000000Y1M    | P178000000Y1M
  4 | P-178000000Y     | P-178000000Y
  5 | P-177999999Y-11M | P-177999999Y-11M
  6 | P-178000000Y-1M  | P-178000000Y-1M
  7 | P1Y1M            | P1Y1M
  8 | P1Y              | P1Y
  9 | P1M              | P1M
 10 | P-1Y-1M          | P-1Y-1M
 11 | P-1Y             | P-1Y
 12 | P-1M             | P-1M
(12 rows)

SELECT * FROM ft_interval_ds ORDER BY id;
 id |               val1               |               val2               
----+----------------------------------+----------------------------------
  1 | P999999999DT23H59M59.999998S     | P999999999DT23H59M59.999998S
  2 | P999999999DT23H59M               | P999999999DT23H59M
  3 | PT23H59M59.999998S               | PT23H59M59.999998S
  4 | P999999999DT23H                  | P999999999DT23H
  5 | PT23H59M                         | PT23H59M
  6 | PT59M59.999998S                  | PT59M59.999998S
  7 | P999999999D                      | P999999999D
  8 | PT23H                            | PT23H
  9 | PT59M                            | PT59M
 10 | PT59.999998S                     | PT59.999998S
 11 | P-999999999DT-23H-59M-59.999998S | P-999999999DT-23H-59M-59.999998S
 12 | P-999999999DT-23H-59M            | 
 13 | PT-23H-59M-59.999998S            | 
 14 | P-999999999DT-23H                | 
 15 | PT-23H-59M                       | 
 16 | PT-59M-59.999998S                | 
 17 | P-999999999D                     | 
 18 | PT-23H                           | 
 19 | PT-59M                           | 
 20 | PT-59.999998S                    | 
 21 | P1DT1H1M0.000001S                | 
 22 | P1DT1H1M                         | 
 23 | PT1H1M0.000001S                  | 
 24 | P1DT1H                           | 
 25 | PT1H1M                           | 
 26 | PT1M0.000001S                    | 
 27 | P1D                              | 
 28 | PT1H                             | 
 29 | PT1M                             | 
 30 | PT0.000001S                      | 
 31 | P-1DT-1H-1M-0.000001S            | 
 32 | P-1DT-1H-1M                      | 
 33 | PT-1H-1M-0.000001S               | 
 34 | P-1DT-1H                         | 
 35 | PT-1H-1M                         | 
 36 | PT-1M-0.000001S                  | 
 37 | P-1D                             | 
 38 | PT-1H                            | 
 39 | PT-1M                            | 
 40 | PT-0.000001S                     | 
(40 rows)

SET DateStyle = german,DMY;
SELECT * FROM ft_interval_ym ORDER BY id;
 id |       val1       |       val2       
----+------------------+------------------
  1 | P178000000Y      | P178000000Y
  2 | P177999999Y11M   | P177999999Y11M
  3 | P178000000Y1M    | P178000000Y1M
  4 | P-178000000Y     | P-178000000Y
  5 | P-177999999Y-11M | P-177999999Y-11M
  6 | P-178000000Y-1M  | P-178000000Y-1M
  7 | P1Y1M            | P1Y1M
  8 | P1Y              | P1Y
  9 | P1M              | P1M
 10 | P-1Y-1M          | P-1Y-1M
 11 | P-1Y             | P-1Y
 12 | P-1M             | P-1M
(12 rows)

SELECT * FROM ft_interval_ds ORDER BY id;
 id |               val1               |               val2               
----+----------------------------------+----------------------------------
  1 | P999999999DT23H59M59.999998S     | P999999999DT23H59M59.999998S
  2 | P999999999DT23H59M               | P999999999DT23H59M
  3 | PT23H59M59.999998S               | PT23H59M59.999998S
  4 | P999999999DT23H                  | P999999999DT23H
  5 | PT23H59M                         | PT23H59M
  6 | PT59M59.999998S                  | PT59M59.999998S
  7 | P999999999D                      | P999999999D
  8 | PT23H                            | PT23H
  9 | PT59M                            | PT59M
 10 | PT59.999998S                     | PT59.999998S
 11 | P-999999999DT-23H-59M-59.999998S | P-999999999DT-23H-59M-59.999998S
 12 | P-999999999DT-23H-59M            | 
 13 | PT-23H-59M-59.999998S            | 
 14 | P-999999999DT-23H                | 
 15 | PT-23H-59M                       | 
 16 | PT-59M-59.999998S                | 
 17 | P-999999999D                     | 
 18 | PT-23H                           | 
 19 | PT-59M                           | 
 20 | PT-59.999998S                    | 
 21 | P1DT1H1M0.000001S                | 
 22 | P1DT1H1M                         | 
 23 | PT1H1M0.000001S                  | 
 24 | P1DT1H                           | 
 25 | PT1H1M                           | 
 26 | PT1M0.000001S                    | 
 27 | P1D                              | 
 28 | PT1H                             | 
 29 | PT1M                             | 
 30 | PT0.000001S                      | 
 31 | P-1DT-1H-1M-0.000001S            | 
 32 | P-1DT-1H-1M                      | 
 33 | PT-1H-1M-0.000001S               | 
 34 | P-1DT-1H                         | 
 35 | PT-1H-1M                         | 
 36 | PT-1M-0.000001S                  | 
 37 | P-1D                             | 
 38 | PT-1H                            | 
 39 | PT-1M                            | 
 40 | PT-0.000001S                     | 
(40 rows)

SET DateStyle = german,MDY;
SELECT * FROM ft_interval_ym ORDER BY id;
 id |       val1       |       val2       
----+------------------+------------------
  1 | P178000000Y      | P178000000Y
  2 | P177999999Y11M   | P177999999Y11M
  3 | P178000000Y1M    | P178000000Y1M
  4 | P-178000000Y     | P-178000000Y
  5 | P-177999999Y-11M | P-177999999Y-11M
  6 | P-178000000Y-1M  | P-178000000Y-1M
  7 | P1Y1M            | P1Y1M
  8 | P1Y              | P1Y
  9 | P1M              | P1M
 10 | P-1Y-1M          | P-1Y-1M
 11 | P-1Y             | P-1Y
 12 | P-1M             | P-1M
(12 rows)

SELECT * FROM ft_interval_ds ORDER BY id;
 id |               val1               |               val2               
----+----------------------------------+----------------------------------
  1 | P999999999DT23H59M59.999998S     | P999999999DT23H59M59.999998S
  2 | P999999999DT23H59M               | P999999999DT23H59M
  3 | PT23H59M59.999998S               | PT23H59M59.999998S
  4 | P999999999DT23H                  | P999999999DT23H
  5 | PT23H59M                         | PT23H59M
  6 | PT59M59.999998S                  | PT59M59.999998S
  7 | P999999999D                      | P999999999D
  8 | PT23H                            | PT23H
  9 | PT59M                            | PT59M
 10 | PT59.999998S                     | PT59.999998S
 11 | P-999999999DT-23H-59M-59.999998S | P-999999999DT-23H-59M-59.999998S
 12 | P-999999999DT-23H-59M            | 
 13 | PT-23H-59M-59.999998S            | 
 14 | P-999999999DT-23H                | 
 15 | PT-23H-59M                       | 
 16 | PT-59M-59.999998S                | 
 17 | P-999999999D                     | 
 18 | PT-23H                           | 
 19 | PT-59M                           | 
 20 | PT-59.999998S                    | 
 21 | P1DT1H1M0.000001S                | 
 22 | P1DT1H1M                         | 
 23 | PT1H1M0.000001S                  | 
 24 | P1DT1H                           | 
 25 | PT1H1M                           | 
 26 | PT1M0.000001S                    | 
 27 | P1D                              | 
 28 | PT1H                             | 
 29 | PT1M                             | 
 30 | PT0.000001S                      | 
 31 | P-1DT-1H-1M-0.000001S            | 
 32 | P-1DT-1H-1M                      | 
 33 | PT-1H-1M-0.000001S               | 
 34 | P-1DT-1H                         | 
 35 | PT-1H-1M                         | 
 36 | PT-1M-0.000001S                  | 
 37 | P-1D                             | 
 38 | PT-1H                            | 
 39 | PT-1M                            | 
 40 | PT-0.000001S                     | 
(40 rows)

