\c contrib_regression_utf8
SET DateStyle = 'ISO,YMD';
SET IntervalStyle = 'sql_standard';
SET TIMEZONE = 'Asia/Tokyo';
-- '/' operator
-- 153 : int2div
EXPLAIN (COSTS FALSE) SELECT id FROM all_type WHERE number_smallint_1 / -1::smallint = 1;
                                                                                                                                                                                                                                  QUERY PLAN                                                                                                                                                                                                                                   
-------------------------------------------------------------------------------------------------------------------------------------------------------------------------------------------------------------------------------------------------------------------------------------------------------------------------------------------------------------------------------------------------------------------------------------------------------------------------------
 Foreign Scan on all_type
   Remote SQL: SELECT "id", NULL, NULL, NULL, NULL, NULL, NULL, NULL, NULL, NULL, NULL, NULL, NULL, NULL, NULL, NULL, NULL, NULL, NULL, NULL, NULL, NULL, NULL, NULL, NULL, NULL, NULL, NULL, NULL, NULL, NULL, NULL, NULL, NULL, NULL, NULL, NULL, NULL, NULL, NULL, NULL, NULL, NULL, NULL, NULL, NULL, NULL, NULL, NULL, NULL, NULL, NULL, NULL, NULL, NULL, NULL, NULL, NULL, NULL, NULL, NULL, NULL FROM "oracle_fdw"."all_type" WHERE (("number_smallint_1" / (-1)) = 1)
(2 rows)

-- 154 : int4div
EXPLAIN (COSTS FALSE) SELECT id FROM all_type WHERE number_integer_1 / -1::integer = 1;
                                                                                                                                                                                                                                  QUERY PLAN                                                                                                                                                                                                                                  
------------------------------------------------------------------------------------------------------------------------------------------------------------------------------------------------------------------------------------------------------------------------------------------------------------------------------------------------------------------------------------------------------------------------------------------------------------------------------
 Foreign Scan on all_type
   Remote SQL: SELECT "id", NULL, NULL, NULL, NULL, NULL, NULL, NULL, NULL, NULL, NULL, NULL, NULL, NULL, NULL, NULL, NULL, NULL, NULL, NULL, NULL, NULL, NULL, NULL, NULL, NULL, NULL, NULL, NULL, NULL, NULL, NULL, NULL, NULL, NULL, NULL, NULL, NULL, NULL, NULL, NULL, NULL, NULL, NULL, NULL, NULL, NULL, NULL, NULL, NULL, NULL, NULL, NULL, NULL, NULL, NULL, NULL, NULL, NULL, NULL, NULL, NULL FROM "oracle_fdw"."all_type" WHERE (("number_integer_1" / (-1)) = 1)
(2 rows)

-- 172 : int24div
EXPLAIN (COSTS FALSE) SELECT id FROM all_type WHERE number_smallint_1 / -1::integer = 1;
                                                                                                                                                                                                                                  QUERY PLAN                                                                                                                                                                                                                                   
-------------------------------------------------------------------------------------------------------------------------------------------------------------------------------------------------------------------------------------------------------------------------------------------------------------------------------------------------------------------------------------------------------------------------------------------------------------------------------
 Foreign Scan on all_type
   Remote SQL: SELECT "id", NULL, NULL, NULL, NULL, NULL, NULL, NULL, NULL, NULL, NULL, NULL, NULL, NULL, NULL, NULL, NULL, NULL, NULL, NULL, NULL, NULL, NULL, NULL, NULL, NULL, NULL, NULL, NULL, NULL, NULL, NULL, NULL, NULL, NULL, NULL, NULL, NULL, NULL, NULL, NULL, NULL, NULL, NULL, NULL, NULL, NULL, NULL, NULL, NULL, NULL, NULL, NULL, NULL, NULL, NULL, NULL, NULL, NULL, NULL, NULL, NULL FROM "oracle_fdw"."all_type" WHERE (("number_smallint_1" / (-1)) = 1)
(2 rows)

-- 173 : int42div
EXPLAIN (COSTS FALSE) SELECT id FROM all_type WHERE number_integer_1 / -1::smallint = 1;
                                                                                                                                                                                                                                  QUERY PLAN                                                                                                                                                                                                                                  
------------------------------------------------------------------------------------------------------------------------------------------------------------------------------------------------------------------------------------------------------------------------------------------------------------------------------------------------------------------------------------------------------------------------------------------------------------------------------
 Foreign Scan on all_type
   Remote SQL: SELECT "id", NULL, NULL, NULL, NULL, NULL, NULL, NULL, NULL, NULL, NULL, NULL, NULL, NULL, NULL, NULL, NULL, NULL, NULL, NULL, NULL, NULL, NULL, NULL, NULL, NULL, NULL, NULL, NULL, NULL, NULL, NULL, NULL, NULL, NULL, NULL, NULL, NULL, NULL, NULL, NULL, NULL, NULL, NULL, NULL, NULL, NULL, NULL, NULL, NULL, NULL, NULL, NULL, NULL, NULL, NULL, NULL, NULL, NULL, NULL, NULL, NULL FROM "oracle_fdw"."all_type" WHERE (("number_integer_1" / (-1)) = 1)
(2 rows)

-- 203 : float4div
EXPLAIN (COSTS FALSE) SELECT id FROM all_type WHERE binary_float_real_1 / -0.5::real = -2;
                                                                                                                                                                                                                                      QUERY PLAN                                                                                                                                                                                                                                      
--------------------------------------------------------------------------------------------------------------------------------------------------------------------------------------------------------------------------------------------------------------------------------------------------------------------------------------------------------------------------------------------------------------------------------------------------------------------------------------
 Foreign Scan on all_type
   Remote SQL: SELECT "id", NULL, NULL, NULL, NULL, NULL, NULL, NULL, NULL, NULL, NULL, NULL, NULL, NULL, NULL, NULL, NULL, NULL, NULL, NULL, NULL, NULL, NULL, NULL, NULL, NULL, NULL, NULL, NULL, NULL, NULL, NULL, NULL, NULL, NULL, NULL, NULL, NULL, NULL, NULL, NULL, NULL, NULL, NULL, NULL, NULL, NULL, NULL, NULL, NULL, NULL, NULL, NULL, NULL, NULL, NULL, NULL, NULL, NULL, NULL, NULL, NULL FROM "oracle_fdw"."all_type" WHERE (("binary_float_real_1" / (-0.5)) = (-2))
(2 rows)

-- 217 : float8div
EXPLAIN (COSTS FALSE) SELECT id FROM all_type WHERE binary_double_precision_1 / -0.5::double precision = -2;
                                                                                                                                                                                                                                         QUERY PLAN                                                                                                                                                                                                                                         
--------------------------------------------------------------------------------------------------------------------------------------------------------------------------------------------------------------------------------------------------------------------------------------------------------------------------------------------------------------------------------------------------------------------------------------------------------------------------------------------
 Foreign Scan on all_type
   Remote SQL: SELECT "id", NULL, NULL, NULL, NULL, NULL, NULL, NULL, NULL, NULL, NULL, NULL, NULL, NULL, NULL, NULL, NULL, NULL, NULL, NULL, NULL, NULL, NULL, NULL, NULL, NULL, NULL, NULL, NULL, NULL, NULL, NULL, NULL, NULL, NULL, NULL, NULL, NULL, NULL, NULL, NULL, NULL, NULL, NULL, NULL, NULL, NULL, NULL, NULL, NULL, NULL, NULL, NULL, NULL, NULL, NULL, NULL, NULL, NULL, NULL, NULL, NULL FROM "oracle_fdw"."all_type" WHERE (("binary_double_precision_1" / (-0.5)) = (-2))
(2 rows)

-- 280 : float48div
EXPLAIN (COSTS FALSE) SELECT id FROM all_type WHERE binary_float_real_1 / -0.5::double precision = -2;
                                                                                                                                                                                                                                      QUERY PLAN                                                                                                                                                                                                                                      
--------------------------------------------------------------------------------------------------------------------------------------------------------------------------------------------------------------------------------------------------------------------------------------------------------------------------------------------------------------------------------------------------------------------------------------------------------------------------------------
 Foreign Scan on all_type
   Remote SQL: SELECT "id", NULL, NULL, NULL, NULL, NULL, NULL, NULL, NULL, NULL, NULL, NULL, NULL, NULL, NULL, NULL, NULL, NULL, NULL, NULL, NULL, NULL, NULL, NULL, NULL, NULL, NULL, NULL, NULL, NULL, NULL, NULL, NULL, NULL, NULL, NULL, NULL, NULL, NULL, NULL, NULL, NULL, NULL, NULL, NULL, NULL, NULL, NULL, NULL, NULL, NULL, NULL, NULL, NULL, NULL, NULL, NULL, NULL, NULL, NULL, NULL, NULL FROM "oracle_fdw"."all_type" WHERE (("binary_float_real_1" / (-0.5)) = (-2))
(2 rows)

-- 284 : float84div
EXPLAIN (COSTS FALSE) SELECT id FROM all_type WHERE binary_double_precision_1 / -0.5::real = -2;
                                                                                                                                                                                                                                         QUERY PLAN                                                                                                                                                                                                                                         
--------------------------------------------------------------------------------------------------------------------------------------------------------------------------------------------------------------------------------------------------------------------------------------------------------------------------------------------------------------------------------------------------------------------------------------------------------------------------------------------
 Foreign Scan on all_type
   Remote SQL: SELECT "id", NULL, NULL, NULL, NULL, NULL, NULL, NULL, NULL, NULL, NULL, NULL, NULL, NULL, NULL, NULL, NULL, NULL, NULL, NULL, NULL, NULL, NULL, NULL, NULL, NULL, NULL, NULL, NULL, NULL, NULL, NULL, NULL, NULL, NULL, NULL, NULL, NULL, NULL, NULL, NULL, NULL, NULL, NULL, NULL, NULL, NULL, NULL, NULL, NULL, NULL, NULL, NULL, NULL, NULL, NULL, NULL, NULL, NULL, NULL, NULL, NULL FROM "oracle_fdw"."all_type" WHERE (("binary_double_precision_1" / (-0.5)) = (-2))
(2 rows)

-- 466 : int8div
EXPLAIN (COSTS FALSE) SELECT id FROM all_type WHERE number_bigint_1 / -1::bigint = 1;
                                                                                                                                                                                                                                 QUERY PLAN                                                                                                                                                                                                                                  
-----------------------------------------------------------------------------------------------------------------------------------------------------------------------------------------------------------------------------------------------------------------------------------------------------------------------------------------------------------------------------------------------------------------------------------------------------------------------------
 Foreign Scan on all_type
   Remote SQL: SELECT "id", NULL, NULL, NULL, NULL, NULL, NULL, NULL, NULL, NULL, NULL, NULL, NULL, NULL, NULL, NULL, NULL, NULL, NULL, NULL, NULL, NULL, NULL, NULL, NULL, NULL, NULL, NULL, NULL, NULL, NULL, NULL, NULL, NULL, NULL, NULL, NULL, NULL, NULL, NULL, NULL, NULL, NULL, NULL, NULL, NULL, NULL, NULL, NULL, NULL, NULL, NULL, NULL, NULL, NULL, NULL, NULL, NULL, NULL, NULL, NULL, NULL FROM "oracle_fdw"."all_type" WHERE (("number_bigint_1" / (-1)) = 1)
(2 rows)

-- 840 : int82div
EXPLAIN (COSTS FALSE) SELECT id FROM all_type WHERE number_bigint_1 / -1::smallint = 1;
                                                                                                                                                                                                                                 QUERY PLAN                                                                                                                                                                                                                                  
-----------------------------------------------------------------------------------------------------------------------------------------------------------------------------------------------------------------------------------------------------------------------------------------------------------------------------------------------------------------------------------------------------------------------------------------------------------------------------
 Foreign Scan on all_type
   Remote SQL: SELECT "id", NULL, NULL, NULL, NULL, NULL, NULL, NULL, NULL, NULL, NULL, NULL, NULL, NULL, NULL, NULL, NULL, NULL, NULL, NULL, NULL, NULL, NULL, NULL, NULL, NULL, NULL, NULL, NULL, NULL, NULL, NULL, NULL, NULL, NULL, NULL, NULL, NULL, NULL, NULL, NULL, NULL, NULL, NULL, NULL, NULL, NULL, NULL, NULL, NULL, NULL, NULL, NULL, NULL, NULL, NULL, NULL, NULL, NULL, NULL, NULL, NULL FROM "oracle_fdw"."all_type" WHERE (("number_bigint_1" / (-1)) = 1)
(2 rows)

-- 948 : int28div
EXPLAIN (COSTS FALSE) SELECT id FROM all_type WHERE number_smallint_1 / -1::bigint = 1;
                                                                                                                                                                                                                                  QUERY PLAN                                                                                                                                                                                                                                   
-------------------------------------------------------------------------------------------------------------------------------------------------------------------------------------------------------------------------------------------------------------------------------------------------------------------------------------------------------------------------------------------------------------------------------------------------------------------------------
 Foreign Scan on all_type
   Remote SQL: SELECT "id", NULL, NULL, NULL, NULL, NULL, NULL, NULL, NULL, NULL, NULL, NULL, NULL, NULL, NULL, NULL, NULL, NULL, NULL, NULL, NULL, NULL, NULL, NULL, NULL, NULL, NULL, NULL, NULL, NULL, NULL, NULL, NULL, NULL, NULL, NULL, NULL, NULL, NULL, NULL, NULL, NULL, NULL, NULL, NULL, NULL, NULL, NULL, NULL, NULL, NULL, NULL, NULL, NULL, NULL, NULL, NULL, NULL, NULL, NULL, NULL, NULL FROM "oracle_fdw"."all_type" WHERE (("number_smallint_1" / (-1)) = 1)
(2 rows)

-- 1277 : int84div
EXPLAIN (COSTS FALSE) SELECT id FROM all_type WHERE number_bigint_1 / -1::integer = 1;
                                                                                                                                                                                                                                 QUERY PLAN                                                                                                                                                                                                                                  
-----------------------------------------------------------------------------------------------------------------------------------------------------------------------------------------------------------------------------------------------------------------------------------------------------------------------------------------------------------------------------------------------------------------------------------------------------------------------------
 Foreign Scan on all_type
   Remote SQL: SELECT "id", NULL, NULL, NULL, NULL, NULL, NULL, NULL, NULL, NULL, NULL, NULL, NULL, NULL, NULL, NULL, NULL, NULL, NULL, NULL, NULL, NULL, NULL, NULL, NULL, NULL, NULL, NULL, NULL, NULL, NULL, NULL, NULL, NULL, NULL, NULL, NULL, NULL, NULL, NULL, NULL, NULL, NULL, NULL, NULL, NULL, NULL, NULL, NULL, NULL, NULL, NULL, NULL, NULL, NULL, NULL, NULL, NULL, NULL, NULL, NULL, NULL FROM "oracle_fdw"."all_type" WHERE (("number_bigint_1" / (-1)) = 1)
(2 rows)

-- 1281 : int48div
EXPLAIN (COSTS FALSE) SELECT id FROM all_type WHERE number_integer_1 / -1::bigint = 1;
                                                                                                                                                                                                                                  QUERY PLAN                                                                                                                                                                                                                                  
------------------------------------------------------------------------------------------------------------------------------------------------------------------------------------------------------------------------------------------------------------------------------------------------------------------------------------------------------------------------------------------------------------------------------------------------------------------------------
 Foreign Scan on all_type
   Remote SQL: SELECT "id", NULL, NULL, NULL, NULL, NULL, NULL, NULL, NULL, NULL, NULL, NULL, NULL, NULL, NULL, NULL, NULL, NULL, NULL, NULL, NULL, NULL, NULL, NULL, NULL, NULL, NULL, NULL, NULL, NULL, NULL, NULL, NULL, NULL, NULL, NULL, NULL, NULL, NULL, NULL, NULL, NULL, NULL, NULL, NULL, NULL, NULL, NULL, NULL, NULL, NULL, NULL, NULL, NULL, NULL, NULL, NULL, NULL, NULL, NULL, NULL, NULL FROM "oracle_fdw"."all_type" WHERE (("number_integer_1" / (-1)) = 1)
(2 rows)

-- 1727 : numeric_div
EXPLAIN (COSTS FALSE) SELECT id FROM all_type WHERE number_numeric3_1 / -0.5::numeric = -2;
                                                                                                                                                                                                                                     QUERY PLAN                                                                                                                                                                                                                                     
------------------------------------------------------------------------------------------------------------------------------------------------------------------------------------------------------------------------------------------------------------------------------------------------------------------------------------------------------------------------------------------------------------------------------------------------------------------------------------
 Foreign Scan on all_type
   Remote SQL: SELECT "id", NULL, NULL, NULL, NULL, NULL, NULL, NULL, NULL, NULL, NULL, NULL, NULL, NULL, NULL, NULL, NULL, NULL, NULL, NULL, NULL, NULL, NULL, NULL, NULL, NULL, NULL, NULL, NULL, NULL, NULL, NULL, NULL, NULL, NULL, NULL, NULL, NULL, NULL, NULL, NULL, NULL, NULL, NULL, NULL, NULL, NULL, NULL, NULL, NULL, NULL, NULL, NULL, NULL, NULL, NULL, NULL, NULL, NULL, NULL, NULL, NULL FROM "oracle_fdw"."all_type" WHERE (("number_numeric3_1" / (-0.5)) = (-2))
(2 rows)

EXPLAIN (COSTS FALSE) SELECT id FROM all_type WHERE binary_float_real_1 / -0.5 = -2;
                                                                                                                                                                                                                                      QUERY PLAN                                                                                                                                                                                                                                      
--------------------------------------------------------------------------------------------------------------------------------------------------------------------------------------------------------------------------------------------------------------------------------------------------------------------------------------------------------------------------------------------------------------------------------------------------------------------------------------
 Foreign Scan on all_type
   Remote SQL: SELECT "id", NULL, NULL, NULL, NULL, NULL, NULL, NULL, NULL, NULL, NULL, NULL, NULL, NULL, NULL, NULL, NULL, NULL, NULL, NULL, NULL, NULL, NULL, NULL, NULL, NULL, NULL, NULL, NULL, NULL, NULL, NULL, NULL, NULL, NULL, NULL, NULL, NULL, NULL, NULL, NULL, NULL, NULL, NULL, NULL, NULL, NULL, NULL, NULL, NULL, NULL, NULL, NULL, NULL, NULL, NULL, NULL, NULL, NULL, NULL, NULL, NULL FROM "oracle_fdw"."all_type" WHERE (("binary_float_real_1" / (-0.5)) = (-2))
(2 rows)

EXPLAIN (COSTS FALSE) SELECT id FROM all_type WHERE binary_double_precision_1 / -0.5 = -2;
                                                                                                                                                                                                                                         QUERY PLAN                                                                                                                                                                                                                                         
--------------------------------------------------------------------------------------------------------------------------------------------------------------------------------------------------------------------------------------------------------------------------------------------------------------------------------------------------------------------------------------------------------------------------------------------------------------------------------------------
 Foreign Scan on all_type
   Remote SQL: SELECT "id", NULL, NULL, NULL, NULL, NULL, NULL, NULL, NULL, NULL, NULL, NULL, NULL, NULL, NULL, NULL, NULL, NULL, NULL, NULL, NULL, NULL, NULL, NULL, NULL, NULL, NULL, NULL, NULL, NULL, NULL, NULL, NULL, NULL, NULL, NULL, NULL, NULL, NULL, NULL, NULL, NULL, NULL, NULL, NULL, NULL, NULL, NULL, NULL, NULL, NULL, NULL, NULL, NULL, NULL, NULL, NULL, NULL, NULL, NULL, NULL, NULL FROM "oracle_fdw"."all_type" WHERE (("binary_double_precision_1" / (-0.5)) = (-2))
(2 rows)

EXPLAIN (COSTS FALSE) SELECT id FROM all_type WHERE number_smallint_1 / -1 = 1;
                                                                                                                                                                                                                                  QUERY PLAN                                                                                                                                                                                                                                   
-------------------------------------------------------------------------------------------------------------------------------------------------------------------------------------------------------------------------------------------------------------------------------------------------------------------------------------------------------------------------------------------------------------------------------------------------------------------------------
 Foreign Scan on all_type
   Remote SQL: SELECT "id", NULL, NULL, NULL, NULL, NULL, NULL, NULL, NULL, NULL, NULL, NULL, NULL, NULL, NULL, NULL, NULL, NULL, NULL, NULL, NULL, NULL, NULL, NULL, NULL, NULL, NULL, NULL, NULL, NULL, NULL, NULL, NULL, NULL, NULL, NULL, NULL, NULL, NULL, NULL, NULL, NULL, NULL, NULL, NULL, NULL, NULL, NULL, NULL, NULL, NULL, NULL, NULL, NULL, NULL, NULL, NULL, NULL, NULL, NULL, NULL, NULL FROM "oracle_fdw"."all_type" WHERE (("number_smallint_1" / (-1)) = 1)
(2 rows)

EXPLAIN (COSTS FALSE) SELECT id FROM all_type WHERE number_integer_1 / -1 = 1;
                                                                                                                                                                                                                                  QUERY PLAN                                                                                                                                                                                                                                  
------------------------------------------------------------------------------------------------------------------------------------------------------------------------------------------------------------------------------------------------------------------------------------------------------------------------------------------------------------------------------------------------------------------------------------------------------------------------------
 Foreign Scan on all_type
   Remote SQL: SELECT "id", NULL, NULL, NULL, NULL, NULL, NULL, NULL, NULL, NULL, NULL, NULL, NULL, NULL, NULL, NULL, NULL, NULL, NULL, NULL, NULL, NULL, NULL, NULL, NULL, NULL, NULL, NULL, NULL, NULL, NULL, NULL, NULL, NULL, NULL, NULL, NULL, NULL, NULL, NULL, NULL, NULL, NULL, NULL, NULL, NULL, NULL, NULL, NULL, NULL, NULL, NULL, NULL, NULL, NULL, NULL, NULL, NULL, NULL, NULL, NULL, NULL FROM "oracle_fdw"."all_type" WHERE (("number_integer_1" / (-1)) = 1)
(2 rows)

EXPLAIN (COSTS FALSE) SELECT id FROM all_type WHERE number_bigint_1 / -1 = 1;
                                                                                                                                                                                                                                 QUERY PLAN                                                                                                                                                                                                                                  
-----------------------------------------------------------------------------------------------------------------------------------------------------------------------------------------------------------------------------------------------------------------------------------------------------------------------------------------------------------------------------------------------------------------------------------------------------------------------------
 Foreign Scan on all_type
   Remote SQL: SELECT "id", NULL, NULL, NULL, NULL, NULL, NULL, NULL, NULL, NULL, NULL, NULL, NULL, NULL, NULL, NULL, NULL, NULL, NULL, NULL, NULL, NULL, NULL, NULL, NULL, NULL, NULL, NULL, NULL, NULL, NULL, NULL, NULL, NULL, NULL, NULL, NULL, NULL, NULL, NULL, NULL, NULL, NULL, NULL, NULL, NULL, NULL, NULL, NULL, NULL, NULL, NULL, NULL, NULL, NULL, NULL, NULL, NULL, NULL, NULL, NULL, NULL FROM "oracle_fdw"."all_type" WHERE (("number_bigint_1" / (-1)) = 1)
(2 rows)

EXPLAIN (COSTS FALSE) SELECT id FROM all_type WHERE number_numeric1_1 / -1 = 1e100;
                                                                                                                                                                                                                                                                                    QUERY PLAN                                                                                                                                                                                                                                                                                     
-----------------------------------------------------------------------------------------------------------------------------------------------------------------------------------------------------------------------------------------------------------------------------------------------------------------------------------------------------------------------------------------------------------------------------------------------------------------------------------------------------------------------------------------------------------------------------------
 Foreign Scan on all_type
   Remote SQL: SELECT "id", NULL, NULL, NULL, NULL, NULL, NULL, NULL, NULL, NULL, NULL, NULL, NULL, NULL, NULL, NULL, NULL, NULL, NULL, NULL, NULL, NULL, NULL, NULL, NULL, NULL, NULL, NULL, NULL, NULL, NULL, NULL, NULL, NULL, NULL, NULL, NULL, NULL, NULL, NULL, NULL, NULL, NULL, NULL, NULL, NULL, NULL, NULL, NULL, NULL, NULL, NULL, NULL, NULL, NULL, NULL, NULL, NULL, NULL, NULL, NULL, NULL FROM "oracle_fdw"."all_type" WHERE (("number_numeric1_1" / (-1)) = 10000000000000000000000000000000000000000000000000000000000000000000000000000000000000000000000000000)
(2 rows)

EXPLAIN (COSTS FALSE) SELECT id FROM all_type WHERE number_numeric2_1 / -1 = 1e-100;
                                                                                                                                                                                                                                                                                     QUERY PLAN                                                                                                                                                                                                                                                                                     
------------------------------------------------------------------------------------------------------------------------------------------------------------------------------------------------------------------------------------------------------------------------------------------------------------------------------------------------------------------------------------------------------------------------------------------------------------------------------------------------------------------------------------------------------------------------------------
 Foreign Scan on all_type
   Remote SQL: SELECT "id", NULL, NULL, NULL, NULL, NULL, NULL, NULL, NULL, NULL, NULL, NULL, NULL, NULL, NULL, NULL, NULL, NULL, NULL, NULL, NULL, NULL, NULL, NULL, NULL, NULL, NULL, NULL, NULL, NULL, NULL, NULL, NULL, NULL, NULL, NULL, NULL, NULL, NULL, NULL, NULL, NULL, NULL, NULL, NULL, NULL, NULL, NULL, NULL, NULL, NULL, NULL, NULL, NULL, NULL, NULL, NULL, NULL, NULL, NULL, NULL, NULL FROM "oracle_fdw"."all_type" WHERE (("number_numeric2_1" / (-1)) = 0.0000000000000000000000000000000000000000000000000000000000000000000000000000000000000000000000000001)
(2 rows)

EXPLAIN (COSTS FALSE) SELECT id FROM all_type WHERE number_numeric3_1 / -1 = 1;
                                                                                                                                                                                                                                  QUERY PLAN                                                                                                                                                                                                                                   
-------------------------------------------------------------------------------------------------------------------------------------------------------------------------------------------------------------------------------------------------------------------------------------------------------------------------------------------------------------------------------------------------------------------------------------------------------------------------------
 Foreign Scan on all_type
   Remote SQL: SELECT "id", NULL, NULL, NULL, NULL, NULL, NULL, NULL, NULL, NULL, NULL, NULL, NULL, NULL, NULL, NULL, NULL, NULL, NULL, NULL, NULL, NULL, NULL, NULL, NULL, NULL, NULL, NULL, NULL, NULL, NULL, NULL, NULL, NULL, NULL, NULL, NULL, NULL, NULL, NULL, NULL, NULL, NULL, NULL, NULL, NULL, NULL, NULL, NULL, NULL, NULL, NULL, NULL, NULL, NULL, NULL, NULL, NULL, NULL, NULL, NULL, NULL FROM "oracle_fdw"."all_type" WHERE (("number_numeric3_1" / (-1)) = 1)
(2 rows)

EXPLAIN (COSTS FALSE) SELECT id FROM all_type WHERE float_numeric1_1 / -0.5 = -2;
                                                                                                                                                                                                                                    QUERY PLAN                                                                                                                                                                                                                                     
-----------------------------------------------------------------------------------------------------------------------------------------------------------------------------------------------------------------------------------------------------------------------------------------------------------------------------------------------------------------------------------------------------------------------------------------------------------------------------------
 Foreign Scan on all_type
   Remote SQL: SELECT "id", NULL, NULL, NULL, NULL, NULL, NULL, NULL, NULL, NULL, NULL, NULL, NULL, NULL, NULL, NULL, NULL, NULL, NULL, NULL, NULL, NULL, NULL, NULL, NULL, NULL, NULL, NULL, NULL, NULL, NULL, NULL, NULL, NULL, NULL, NULL, NULL, NULL, NULL, NULL, NULL, NULL, NULL, NULL, NULL, NULL, NULL, NULL, NULL, NULL, NULL, NULL, NULL, NULL, NULL, NULL, NULL, NULL, NULL, NULL, NULL, NULL FROM "oracle_fdw"."all_type" WHERE (("float_numeric1_1" / (-0.5)) = (-2))
(2 rows)

EXPLAIN (COSTS FALSE) SELECT id FROM all_type WHERE float_numeric2_1 / -0.5 = -2;
                                                                                                                                                                                                                                    QUERY PLAN                                                                                                                                                                                                                                     
-----------------------------------------------------------------------------------------------------------------------------------------------------------------------------------------------------------------------------------------------------------------------------------------------------------------------------------------------------------------------------------------------------------------------------------------------------------------------------------
 Foreign Scan on all_type
   Remote SQL: SELECT "id", NULL, NULL, NULL, NULL, NULL, NULL, NULL, NULL, NULL, NULL, NULL, NULL, NULL, NULL, NULL, NULL, NULL, NULL, NULL, NULL, NULL, NULL, NULL, NULL, NULL, NULL, NULL, NULL, NULL, NULL, NULL, NULL, NULL, NULL, NULL, NULL, NULL, NULL, NULL, NULL, NULL, NULL, NULL, NULL, NULL, NULL, NULL, NULL, NULL, NULL, NULL, NULL, NULL, NULL, NULL, NULL, NULL, NULL, NULL, NULL, NULL FROM "oracle_fdw"."all_type" WHERE (("float_numeric2_1" / (-0.5)) = (-2))
(2 rows)

EXPLAIN (COSTS FALSE) SELECT id FROM all_type WHERE binary_float_real_1 / '-0.5' = -2;
                                                                                                                                                                                                                                      QUERY PLAN                                                                                                                                                                                                                                      
--------------------------------------------------------------------------------------------------------------------------------------------------------------------------------------------------------------------------------------------------------------------------------------------------------------------------------------------------------------------------------------------------------------------------------------------------------------------------------------
 Foreign Scan on all_type
   Remote SQL: SELECT "id", NULL, NULL, NULL, NULL, NULL, NULL, NULL, NULL, NULL, NULL, NULL, NULL, NULL, NULL, NULL, NULL, NULL, NULL, NULL, NULL, NULL, NULL, NULL, NULL, NULL, NULL, NULL, NULL, NULL, NULL, NULL, NULL, NULL, NULL, NULL, NULL, NULL, NULL, NULL, NULL, NULL, NULL, NULL, NULL, NULL, NULL, NULL, NULL, NULL, NULL, NULL, NULL, NULL, NULL, NULL, NULL, NULL, NULL, NULL, NULL, NULL FROM "oracle_fdw"."all_type" WHERE (("binary_float_real_1" / (-0.5)) = (-2))
(2 rows)

EXPLAIN (COSTS FALSE) SELECT id FROM all_type WHERE binary_double_precision_1 / '-0.5' = -2;
                                                                                                                                                                                                                                         QUERY PLAN                                                                                                                                                                                                                                         
--------------------------------------------------------------------------------------------------------------------------------------------------------------------------------------------------------------------------------------------------------------------------------------------------------------------------------------------------------------------------------------------------------------------------------------------------------------------------------------------
 Foreign Scan on all_type
   Remote SQL: SELECT "id", NULL, NULL, NULL, NULL, NULL, NULL, NULL, NULL, NULL, NULL, NULL, NULL, NULL, NULL, NULL, NULL, NULL, NULL, NULL, NULL, NULL, NULL, NULL, NULL, NULL, NULL, NULL, NULL, NULL, NULL, NULL, NULL, NULL, NULL, NULL, NULL, NULL, NULL, NULL, NULL, NULL, NULL, NULL, NULL, NULL, NULL, NULL, NULL, NULL, NULL, NULL, NULL, NULL, NULL, NULL, NULL, NULL, NULL, NULL, NULL, NULL FROM "oracle_fdw"."all_type" WHERE (("binary_double_precision_1" / (-0.5)) = (-2))
(2 rows)

EXPLAIN (COSTS FALSE) SELECT id FROM all_type WHERE number_smallint_1 / '-1' = 1;
                                                                                                                                                                                                                                  QUERY PLAN                                                                                                                                                                                                                                   
-------------------------------------------------------------------------------------------------------------------------------------------------------------------------------------------------------------------------------------------------------------------------------------------------------------------------------------------------------------------------------------------------------------------------------------------------------------------------------
 Foreign Scan on all_type
   Remote SQL: SELECT "id", NULL, NULL, NULL, NULL, NULL, NULL, NULL, NULL, NULL, NULL, NULL, NULL, NULL, NULL, NULL, NULL, NULL, NULL, NULL, NULL, NULL, NULL, NULL, NULL, NULL, NULL, NULL, NULL, NULL, NULL, NULL, NULL, NULL, NULL, NULL, NULL, NULL, NULL, NULL, NULL, NULL, NULL, NULL, NULL, NULL, NULL, NULL, NULL, NULL, NULL, NULL, NULL, NULL, NULL, NULL, NULL, NULL, NULL, NULL, NULL, NULL FROM "oracle_fdw"."all_type" WHERE (("number_smallint_1" / (-1)) = 1)
(2 rows)

EXPLAIN (COSTS FALSE) SELECT id FROM all_type WHERE number_integer_1 / '-1' = 1;
                                                                                                                                                                                                                                  QUERY PLAN                                                                                                                                                                                                                                  
------------------------------------------------------------------------------------------------------------------------------------------------------------------------------------------------------------------------------------------------------------------------------------------------------------------------------------------------------------------------------------------------------------------------------------------------------------------------------
 Foreign Scan on all_type
   Remote SQL: SELECT "id", NULL, NULL, NULL, NULL, NULL, NULL, NULL, NULL, NULL, NULL, NULL, NULL, NULL, NULL, NULL, NULL, NULL, NULL, NULL, NULL, NULL, NULL, NULL, NULL, NULL, NULL, NULL, NULL, NULL, NULL, NULL, NULL, NULL, NULL, NULL, NULL, NULL, NULL, NULL, NULL, NULL, NULL, NULL, NULL, NULL, NULL, NULL, NULL, NULL, NULL, NULL, NULL, NULL, NULL, NULL, NULL, NULL, NULL, NULL, NULL, NULL FROM "oracle_fdw"."all_type" WHERE (("number_integer_1" / (-1)) = 1)
(2 rows)

EXPLAIN (COSTS FALSE) SELECT id FROM all_type WHERE number_bigint_1 / '-1' = 1;
                                                                                                                                                                                                                                 QUERY PLAN                                                                                                                                                                                                                                  
-----------------------------------------------------------------------------------------------------------------------------------------------------------------------------------------------------------------------------------------------------------------------------------------------------------------------------------------------------------------------------------------------------------------------------------------------------------------------------
 Foreign Scan on all_type
   Remote SQL: SELECT "id", NULL, NULL, NULL, NULL, NULL, NULL, NULL, NULL, NULL, NULL, NULL, NULL, NULL, NULL, NULL, NULL, NULL, NULL, NULL, NULL, NULL, NULL, NULL, NULL, NULL, NULL, NULL, NULL, NULL, NULL, NULL, NULL, NULL, NULL, NULL, NULL, NULL, NULL, NULL, NULL, NULL, NULL, NULL, NULL, NULL, NULL, NULL, NULL, NULL, NULL, NULL, NULL, NULL, NULL, NULL, NULL, NULL, NULL, NULL, NULL, NULL FROM "oracle_fdw"."all_type" WHERE (("number_bigint_1" / (-1)) = 1)
(2 rows)

EXPLAIN (COSTS FALSE) SELECT id FROM all_type WHERE number_numeric1_1 / '-1' = 1e100;
                                                                                                                                                                                                                                                                                    QUERY PLAN                                                                                                                                                                                                                                                                                     
-----------------------------------------------------------------------------------------------------------------------------------------------------------------------------------------------------------------------------------------------------------------------------------------------------------------------------------------------------------------------------------------------------------------------------------------------------------------------------------------------------------------------------------------------------------------------------------
 Foreign Scan on all_type
   Remote SQL: SELECT "id", NULL, NULL, NULL, NULL, NULL, NULL, NULL, NULL, NULL, NULL, NULL, NULL, NULL, NULL, NULL, NULL, NULL, NULL, NULL, NULL, NULL, NULL, NULL, NULL, NULL, NULL, NULL, NULL, NULL, NULL, NULL, NULL, NULL, NULL, NULL, NULL, NULL, NULL, NULL, NULL, NULL, NULL, NULL, NULL, NULL, NULL, NULL, NULL, NULL, NULL, NULL, NULL, NULL, NULL, NULL, NULL, NULL, NULL, NULL, NULL, NULL FROM "oracle_fdw"."all_type" WHERE (("number_numeric1_1" / (-1)) = 10000000000000000000000000000000000000000000000000000000000000000000000000000000000000000000000000000)
(2 rows)

EXPLAIN (COSTS FALSE) SELECT id FROM all_type WHERE number_numeric2_1 / '-1' = 1e-100;
                                                                                                                                                                                                                                                                                     QUERY PLAN                                                                                                                                                                                                                                                                                     
------------------------------------------------------------------------------------------------------------------------------------------------------------------------------------------------------------------------------------------------------------------------------------------------------------------------------------------------------------------------------------------------------------------------------------------------------------------------------------------------------------------------------------------------------------------------------------
 Foreign Scan on all_type
   Remote SQL: SELECT "id", NULL, NULL, NULL, NULL, NULL, NULL, NULL, NULL, NULL, NULL, NULL, NULL, NULL, NULL, NULL, NULL, NULL, NULL, NULL, NULL, NULL, NULL, NULL, NULL, NULL, NULL, NULL, NULL, NULL, NULL, NULL, NULL, NULL, NULL, NULL, NULL, NULL, NULL, NULL, NULL, NULL, NULL, NULL, NULL, NULL, NULL, NULL, NULL, NULL, NULL, NULL, NULL, NULL, NULL, NULL, NULL, NULL, NULL, NULL, NULL, NULL FROM "oracle_fdw"."all_type" WHERE (("number_numeric2_1" / (-1)) = 0.0000000000000000000000000000000000000000000000000000000000000000000000000000000000000000000000000001)
(2 rows)

EXPLAIN (COSTS FALSE) SELECT id FROM all_type WHERE number_numeric3_1 / '-0.5' = -2;
                                                                                                                                                                                                                                     QUERY PLAN                                                                                                                                                                                                                                     
------------------------------------------------------------------------------------------------------------------------------------------------------------------------------------------------------------------------------------------------------------------------------------------------------------------------------------------------------------------------------------------------------------------------------------------------------------------------------------
 Foreign Scan on all_type
   Remote SQL: SELECT "id", NULL, NULL, NULL, NULL, NULL, NULL, NULL, NULL, NULL, NULL, NULL, NULL, NULL, NULL, NULL, NULL, NULL, NULL, NULL, NULL, NULL, NULL, NULL, NULL, NULL, NULL, NULL, NULL, NULL, NULL, NULL, NULL, NULL, NULL, NULL, NULL, NULL, NULL, NULL, NULL, NULL, NULL, NULL, NULL, NULL, NULL, NULL, NULL, NULL, NULL, NULL, NULL, NULL, NULL, NULL, NULL, NULL, NULL, NULL, NULL, NULL FROM "oracle_fdw"."all_type" WHERE (("number_numeric3_1" / (-0.5)) = (-2))
(2 rows)

EXPLAIN (COSTS FALSE) SELECT id FROM all_type WHERE float_numeric1_1 / '-0.5' = -2;
                                                                                                                                                                                                                                    QUERY PLAN                                                                                                                                                                                                                                     
-----------------------------------------------------------------------------------------------------------------------------------------------------------------------------------------------------------------------------------------------------------------------------------------------------------------------------------------------------------------------------------------------------------------------------------------------------------------------------------
 Foreign Scan on all_type
   Remote SQL: SELECT "id", NULL, NULL, NULL, NULL, NULL, NULL, NULL, NULL, NULL, NULL, NULL, NULL, NULL, NULL, NULL, NULL, NULL, NULL, NULL, NULL, NULL, NULL, NULL, NULL, NULL, NULL, NULL, NULL, NULL, NULL, NULL, NULL, NULL, NULL, NULL, NULL, NULL, NULL, NULL, NULL, NULL, NULL, NULL, NULL, NULL, NULL, NULL, NULL, NULL, NULL, NULL, NULL, NULL, NULL, NULL, NULL, NULL, NULL, NULL, NULL, NULL FROM "oracle_fdw"."all_type" WHERE (("float_numeric1_1" / (-0.5)) = (-2))
(2 rows)

EXPLAIN (COSTS FALSE) SELECT id FROM all_type WHERE float_numeric2_1 / '-0.5' = -2;
                                                                                                                                                                                                                                    QUERY PLAN                                                                                                                                                                                                                                     
-----------------------------------------------------------------------------------------------------------------------------------------------------------------------------------------------------------------------------------------------------------------------------------------------------------------------------------------------------------------------------------------------------------------------------------------------------------------------------------
 Foreign Scan on all_type
   Remote SQL: SELECT "id", NULL, NULL, NULL, NULL, NULL, NULL, NULL, NULL, NULL, NULL, NULL, NULL, NULL, NULL, NULL, NULL, NULL, NULL, NULL, NULL, NULL, NULL, NULL, NULL, NULL, NULL, NULL, NULL, NULL, NULL, NULL, NULL, NULL, NULL, NULL, NULL, NULL, NULL, NULL, NULL, NULL, NULL, NULL, NULL, NULL, NULL, NULL, NULL, NULL, NULL, NULL, NULL, NULL, NULL, NULL, NULL, NULL, NULL, NULL, NULL, NULL FROM "oracle_fdw"."all_type" WHERE (("float_numeric2_1" / (-0.5)) = (-2))
(2 rows)

-- 153 : int2div
SELECT id FROM all_type WHERE number_smallint_1 / -1::smallint = 1;
 id 
----
  5
(1 row)

-- 154 : int4div
SELECT id FROM all_type WHERE number_integer_1 / -1::integer = 1;
 id 
----
  5
(1 row)

-- 172 : int24div
SELECT id FROM all_type WHERE number_smallint_1 / -1::integer = 1;
 id 
----
  5
(1 row)

-- 173 : int42div
SELECT id FROM all_type WHERE number_integer_1 / -1::smallint = 1;
 id 
----
  5
(1 row)

-- 203 : float4div
SELECT id FROM all_type WHERE binary_float_real_1 / -0.5::real = -2;
 id 
----
  7
(1 row)

-- 217 : float8div
SELECT id FROM all_type WHERE binary_double_precision_1 / -0.5::double precision = -2;
 id 
----
  7
(1 row)

-- 280 : float48div
SELECT id FROM all_type WHERE binary_float_real_1 / -0.5::double precision = -2;
 id 
----
  7
(1 row)

-- 284 : float84div
SELECT id FROM all_type WHERE binary_double_precision_1 / -0.5::real = -2;
 id 
----
  7
(1 row)

-- 466 : int8div
SELECT id FROM all_type WHERE number_bigint_1 / -1::bigint = 1;
 id 
----
  5
(1 row)

-- 840 : int82div
SELECT id FROM all_type WHERE number_bigint_1 / -1::smallint = 1;
 id 
----
  5
(1 row)

-- 948 : int28div
SELECT id FROM all_type WHERE number_smallint_1 / -1::bigint = 1;
 id 
----
  5
(1 row)

-- 1277 : int84div
SELECT id FROM all_type WHERE number_bigint_1 / -1::integer = 1;
 id 
----
  5
(1 row)

-- 1281 : int48div
SELECT id FROM all_type WHERE number_integer_1 / -1::bigint = 1;
 id 
----
  5
(1 row)

-- 1727 : numeric_div
SELECT id FROM all_type WHERE number_numeric3_1 / -0.5::numeric = -2;
 id 
----
  7
(1 row)

SELECT id FROM all_type WHERE binary_float_real_1 / -0.5 = -2;
 id 
----
  7
(1 row)

SELECT id FROM all_type WHERE binary_double_precision_1 / -0.5 = -2;
 id 
----
  7
(1 row)

SELECT id FROM all_type WHERE number_smallint_1 / -1 = 1;
 id 
----
  5
(1 row)

SELECT id FROM all_type WHERE number_integer_1 / -1 = 1;
 id 
----
  5
(1 row)

SELECT id FROM all_type WHERE number_bigint_1 / -1 = 1;
 id 
----
  5
(1 row)

SELECT id FROM all_type WHERE number_numeric1_1 / -1 = 1e100;
 id 
----
  5
(1 row)

SELECT id FROM all_type WHERE number_numeric2_1 / -1 = 1e-100;
 id 
----
  5
(1 row)

SELECT id FROM all_type WHERE number_numeric3_1 / -1 = 1;
 id 
----
  5
(1 row)

SELECT id FROM all_type WHERE float_numeric1_1 / -0.5 = -2;
 id 
----
  7
(1 row)

SELECT id FROM all_type WHERE float_numeric2_1 / -0.5 = -2;
 id 
----
  7
(1 row)

SELECT id FROM all_type WHERE binary_float_real_1 / '-0.5' = -2;
 id 
----
  7
(1 row)

SELECT id FROM all_type WHERE binary_double_precision_1 / '-0.5' = -2;
 id 
----
  7
(1 row)

SELECT id FROM all_type WHERE number_smallint_1 / '-1' = 1;
 id 
----
  5
(1 row)

SELECT id FROM all_type WHERE number_integer_1 / '-1' = 1;
 id 
----
  5
(1 row)

SELECT id FROM all_type WHERE number_bigint_1 / '-1' = 1;
 id 
----
  5
(1 row)

SELECT id FROM all_type WHERE number_numeric1_1 / '-1' = 1e100;
 id 
----
  5
(1 row)

SELECT id FROM all_type WHERE number_numeric2_1 / '-1' = 1e-100;
 id 
----
  5
(1 row)

SELECT id FROM all_type WHERE number_numeric3_1 / '-0.5' = -2;
 id 
----
  7
(1 row)

SELECT id FROM all_type WHERE float_numeric1_1 / '-0.5' = -2;
 id 
----
  7
(1 row)

SELECT id FROM all_type WHERE float_numeric2_1 / '-0.5' = -2;
 id 
----
  7
(1 row)

